org/flywaydb/core/api/CoreMigrationType	$values	()[Lorg/flywaydb/core/api/CoreMigrationType;	GET_STATIC_FIELD	org/flywaydb/core/api/CoreMigrationType::BASELINE|Lorg/flywaydb/core/api/CoreMigrationType;
org/flywaydb/core/api/CoreMigrationType	$values	()[Lorg/flywaydb/core/api/CoreMigrationType;	GET_STATIC_FIELD	org/flywaydb/core/api/CoreMigrationType::CUSTOM|Lorg/flywaydb/core/api/CoreMigrationType;
org/flywaydb/core/api/CoreMigrationType	$values	()[Lorg/flywaydb/core/api/CoreMigrationType;	GET_STATIC_FIELD	org/flywaydb/core/api/CoreMigrationType::DELETE|Lorg/flywaydb/core/api/CoreMigrationType;
org/flywaydb/core/api/CoreMigrationType	$values	()[Lorg/flywaydb/core/api/CoreMigrationType;	GET_STATIC_FIELD	org/flywaydb/core/api/CoreMigrationType::JDBC|Lorg/flywaydb/core/api/CoreMigrationType;
org/flywaydb/core/api/CoreMigrationType	$values	()[Lorg/flywaydb/core/api/CoreMigrationType;	GET_STATIC_FIELD	org/flywaydb/core/api/CoreMigrationType::SCHEMA|Lorg/flywaydb/core/api/CoreMigrationType;
org/flywaydb/core/api/CoreMigrationType	$values	()[Lorg/flywaydb/core/api/CoreMigrationType;	GET_STATIC_FIELD	org/flywaydb/core/api/CoreMigrationType::SCRIPT_BASELINE|Lorg/flywaydb/core/api/CoreMigrationType;
org/flywaydb/core/api/CoreMigrationType	$values	()[Lorg/flywaydb/core/api/CoreMigrationType;	GET_STATIC_FIELD	org/flywaydb/core/api/CoreMigrationType::SCRIPT|Lorg/flywaydb/core/api/CoreMigrationType;
org/flywaydb/core/api/CoreMigrationType	$values	()[Lorg/flywaydb/core/api/CoreMigrationType;	GET_STATIC_FIELD	org/flywaydb/core/api/CoreMigrationType::SQL|Lorg/flywaydb/core/api/CoreMigrationType;
org/flywaydb/core/api/CoreMigrationType	$values	()[Lorg/flywaydb/core/api/CoreMigrationType;	GET_STATIC_FIELD	org/flywaydb/core/api/CoreMigrationType::UNDO_SCRIPT|Lorg/flywaydb/core/api/CoreMigrationType;
org/flywaydb/core/api/CoreMigrationType	<clinit>	()V	INVOKE_STATIC	org/flywaydb/core/api/CoreMigrationType::$values()[Lorg/flywaydb/core/api/CoreMigrationType;
org/flywaydb/core/api/ErrorCode	$values	()[Lorg/flywaydb/core/api/ErrorCode;	GET_STATIC_FIELD	org/flywaydb/core/api/ErrorCode::APPLIED_REPEATABLE_MIGRATION_NOT_RESOLVED|Lorg/flywaydb/core/api/ErrorCode;
org/flywaydb/core/api/ErrorCode	$values	()[Lorg/flywaydb/core/api/ErrorCode;	GET_STATIC_FIELD	org/flywaydb/core/api/ErrorCode::APPLIED_VERSIONED_MIGRATION_NOT_RESOLVED|Lorg/flywaydb/core/api/ErrorCode;
org/flywaydb/core/api/ErrorCode	$values	()[Lorg/flywaydb/core/api/ErrorCode;	GET_STATIC_FIELD	org/flywaydb/core/api/ErrorCode::CHECKSUM_MISMATCH|Lorg/flywaydb/core/api/ErrorCode;
org/flywaydb/core/api/ErrorCode	$values	()[Lorg/flywaydb/core/api/ErrorCode;	GET_STATIC_FIELD	org/flywaydb/core/api/ErrorCode::CONFIGURATION|Lorg/flywaydb/core/api/ErrorCode;
org/flywaydb/core/api/ErrorCode	$values	()[Lorg/flywaydb/core/api/ErrorCode;	GET_STATIC_FIELD	org/flywaydb/core/api/ErrorCode::DB_CONNECTION|Lorg/flywaydb/core/api/ErrorCode;
org/flywaydb/core/api/ErrorCode	$values	()[Lorg/flywaydb/core/api/ErrorCode;	GET_STATIC_FIELD	org/flywaydb/core/api/ErrorCode::DESCRIPTION_MISMATCH|Lorg/flywaydb/core/api/ErrorCode;
org/flywaydb/core/api/ErrorCode	$values	()[Lorg/flywaydb/core/api/ErrorCode;	GET_STATIC_FIELD	org/flywaydb/core/api/ErrorCode::DUPLICATE_DELETED_MIGRATION|Lorg/flywaydb/core/api/ErrorCode;
org/flywaydb/core/api/ErrorCode	$values	()[Lorg/flywaydb/core/api/ErrorCode;	GET_STATIC_FIELD	org/flywaydb/core/api/ErrorCode::DUPLICATE_REPEATABLE_MIGRATION|Lorg/flywaydb/core/api/ErrorCode;
org/flywaydb/core/api/ErrorCode	$values	()[Lorg/flywaydb/core/api/ErrorCode;	GET_STATIC_FIELD	org/flywaydb/core/api/ErrorCode::DUPLICATE_UNDO_MIGRATION|Lorg/flywaydb/core/api/ErrorCode;
org/flywaydb/core/api/ErrorCode	$values	()[Lorg/flywaydb/core/api/ErrorCode;	GET_STATIC_FIELD	org/flywaydb/core/api/ErrorCode::DUPLICATE_VERSIONED_MIGRATION|Lorg/flywaydb/core/api/ErrorCode;
org/flywaydb/core/api/ErrorCode	$values	()[Lorg/flywaydb/core/api/ErrorCode;	GET_STATIC_FIELD	org/flywaydb/core/api/ErrorCode::ERROR|Lorg/flywaydb/core/api/ErrorCode;
org/flywaydb/core/api/ErrorCode	$values	()[Lorg/flywaydb/core/api/ErrorCode;	GET_STATIC_FIELD	org/flywaydb/core/api/ErrorCode::FAILED_REPEATABLE_MIGRATION|Lorg/flywaydb/core/api/ErrorCode;
org/flywaydb/core/api/ErrorCode	$values	()[Lorg/flywaydb/core/api/ErrorCode;	GET_STATIC_FIELD	org/flywaydb/core/api/ErrorCode::FAILED_VERSIONED_MIGRATION|Lorg/flywaydb/core/api/ErrorCode;
org/flywaydb/core/api/ErrorCode	$values	()[Lorg/flywaydb/core/api/ErrorCode;	GET_STATIC_FIELD	org/flywaydb/core/api/ErrorCode::FAULT|Lorg/flywaydb/core/api/ErrorCode;
org/flywaydb/core/api/ErrorCode	$values	()[Lorg/flywaydb/core/api/ErrorCode;	GET_STATIC_FIELD	org/flywaydb/core/api/ErrorCode::JDBC_DRIVER|Lorg/flywaydb/core/api/ErrorCode;
org/flywaydb/core/api/ErrorCode	$values	()[Lorg/flywaydb/core/api/ErrorCode;	GET_STATIC_FIELD	org/flywaydb/core/api/ErrorCode::NON_EMPTY_SCHEMA_WITHOUT_SCHEMA_HISTORY_TABLE|Lorg/flywaydb/core/api/ErrorCode;
org/flywaydb/core/api/ErrorCode	$values	()[Lorg/flywaydb/core/api/ErrorCode;	GET_STATIC_FIELD	org/flywaydb/core/api/ErrorCode::OUTDATED_REPEATABLE_MIGRATION|Lorg/flywaydb/core/api/ErrorCode;
org/flywaydb/core/api/ErrorCode	$values	()[Lorg/flywaydb/core/api/ErrorCode;	GET_STATIC_FIELD	org/flywaydb/core/api/ErrorCode::RESOLVED_REPEATABLE_MIGRATION_NOT_APPLIED|Lorg/flywaydb/core/api/ErrorCode;
org/flywaydb/core/api/ErrorCode	$values	()[Lorg/flywaydb/core/api/ErrorCode;	GET_STATIC_FIELD	org/flywaydb/core/api/ErrorCode::RESOLVED_VERSIONED_MIGRATION_NOT_APPLIED|Lorg/flywaydb/core/api/ErrorCode;
org/flywaydb/core/api/ErrorCode	$values	()[Lorg/flywaydb/core/api/ErrorCode;	GET_STATIC_FIELD	org/flywaydb/core/api/ErrorCode::SCHEMA_DOES_NOT_EXIST|Lorg/flywaydb/core/api/ErrorCode;
org/flywaydb/core/api/ErrorCode	$values	()[Lorg/flywaydb/core/api/ErrorCode;	GET_STATIC_FIELD	org/flywaydb/core/api/ErrorCode::TYPE_MISMATCH|Lorg/flywaydb/core/api/ErrorCode;
org/flywaydb/core/api/ErrorCode	$values	()[Lorg/flywaydb/core/api/ErrorCode;	GET_STATIC_FIELD	org/flywaydb/core/api/ErrorCode::VALIDATE_ERROR|Lorg/flywaydb/core/api/ErrorCode;
org/flywaydb/core/api/ErrorCode	<clinit>	()V	INVOKE_STATIC	org/flywaydb/core/api/ErrorCode::$values()[Lorg/flywaydb/core/api/ErrorCode;
org/flywaydb/core/api/MigrationState	$values	()[Lorg/flywaydb/core/api/MigrationState;	GET_STATIC_FIELD	org/flywaydb/core/api/MigrationState::ABOVE_TARGET|Lorg/flywaydb/core/api/MigrationState;
org/flywaydb/core/api/MigrationState	$values	()[Lorg/flywaydb/core/api/MigrationState;	GET_STATIC_FIELD	org/flywaydb/core/api/MigrationState::AVAILABLE|Lorg/flywaydb/core/api/MigrationState;
org/flywaydb/core/api/MigrationState	$values	()[Lorg/flywaydb/core/api/MigrationState;	GET_STATIC_FIELD	org/flywaydb/core/api/MigrationState::BASELINE_IGNORED|Lorg/flywaydb/core/api/MigrationState;
org/flywaydb/core/api/MigrationState	$values	()[Lorg/flywaydb/core/api/MigrationState;	GET_STATIC_FIELD	org/flywaydb/core/api/MigrationState::BASELINE|Lorg/flywaydb/core/api/MigrationState;
org/flywaydb/core/api/MigrationState	$values	()[Lorg/flywaydb/core/api/MigrationState;	GET_STATIC_FIELD	org/flywaydb/core/api/MigrationState::BELOW_BASELINE|Lorg/flywaydb/core/api/MigrationState;
org/flywaydb/core/api/MigrationState	$values	()[Lorg/flywaydb/core/api/MigrationState;	GET_STATIC_FIELD	org/flywaydb/core/api/MigrationState::DELETED|Lorg/flywaydb/core/api/MigrationState;
org/flywaydb/core/api/MigrationState	$values	()[Lorg/flywaydb/core/api/MigrationState;	GET_STATIC_FIELD	org/flywaydb/core/api/MigrationState::FAILED|Lorg/flywaydb/core/api/MigrationState;
org/flywaydb/core/api/MigrationState	$values	()[Lorg/flywaydb/core/api/MigrationState;	GET_STATIC_FIELD	org/flywaydb/core/api/MigrationState::FUTURE_FAILED|Lorg/flywaydb/core/api/MigrationState;
org/flywaydb/core/api/MigrationState	$values	()[Lorg/flywaydb/core/api/MigrationState;	GET_STATIC_FIELD	org/flywaydb/core/api/MigrationState::FUTURE_SUCCESS|Lorg/flywaydb/core/api/MigrationState;
org/flywaydb/core/api/MigrationState	$values	()[Lorg/flywaydb/core/api/MigrationState;	GET_STATIC_FIELD	org/flywaydb/core/api/MigrationState::IGNORED|Lorg/flywaydb/core/api/MigrationState;
org/flywaydb/core/api/MigrationState	$values	()[Lorg/flywaydb/core/api/MigrationState;	GET_STATIC_FIELD	org/flywaydb/core/api/MigrationState::MISSING_FAILED|Lorg/flywaydb/core/api/MigrationState;
org/flywaydb/core/api/MigrationState	$values	()[Lorg/flywaydb/core/api/MigrationState;	GET_STATIC_FIELD	org/flywaydb/core/api/MigrationState::MISSING_SUCCESS|Lorg/flywaydb/core/api/MigrationState;
org/flywaydb/core/api/MigrationState	$values	()[Lorg/flywaydb/core/api/MigrationState;	GET_STATIC_FIELD	org/flywaydb/core/api/MigrationState::OUTDATED|Lorg/flywaydb/core/api/MigrationState;
org/flywaydb/core/api/MigrationState	$values	()[Lorg/flywaydb/core/api/MigrationState;	GET_STATIC_FIELD	org/flywaydb/core/api/MigrationState::OUT_OF_ORDER|Lorg/flywaydb/core/api/MigrationState;
org/flywaydb/core/api/MigrationState	$values	()[Lorg/flywaydb/core/api/MigrationState;	GET_STATIC_FIELD	org/flywaydb/core/api/MigrationState::PENDING|Lorg/flywaydb/core/api/MigrationState;
org/flywaydb/core/api/MigrationState	$values	()[Lorg/flywaydb/core/api/MigrationState;	GET_STATIC_FIELD	org/flywaydb/core/api/MigrationState::SUCCESS|Lorg/flywaydb/core/api/MigrationState;
org/flywaydb/core/api/MigrationState	$values	()[Lorg/flywaydb/core/api/MigrationState;	GET_STATIC_FIELD	org/flywaydb/core/api/MigrationState::SUPERSEDED|Lorg/flywaydb/core/api/MigrationState;
org/flywaydb/core/api/MigrationState	$values	()[Lorg/flywaydb/core/api/MigrationState;	GET_STATIC_FIELD	org/flywaydb/core/api/MigrationState::UNDONE|Lorg/flywaydb/core/api/MigrationState;
org/flywaydb/core/api/MigrationState	<clinit>	()V	INVOKE_STATIC	org/flywaydb/core/api/MigrationState::$values()[Lorg/flywaydb/core/api/MigrationState;
org/flywaydb/core/api/callback/Event	$values	()[Lorg/flywaydb/core/api/callback/Event;	GET_STATIC_FIELD	org/flywaydb/core/api/callback/Event::AFTER_BASELINE_ERROR|Lorg/flywaydb/core/api/callback/Event;
org/flywaydb/core/api/callback/Event	$values	()[Lorg/flywaydb/core/api/callback/Event;	GET_STATIC_FIELD	org/flywaydb/core/api/callback/Event::AFTER_BASELINE_OPERATION_FINISH|Lorg/flywaydb/core/api/callback/Event;
org/flywaydb/core/api/callback/Event	$values	()[Lorg/flywaydb/core/api/callback/Event;	GET_STATIC_FIELD	org/flywaydb/core/api/callback/Event::AFTER_BASELINE|Lorg/flywaydb/core/api/callback/Event;
org/flywaydb/core/api/callback/Event	$values	()[Lorg/flywaydb/core/api/callback/Event;	GET_STATIC_FIELD	org/flywaydb/core/api/callback/Event::AFTER_CLEAN_ERROR|Lorg/flywaydb/core/api/callback/Event;
org/flywaydb/core/api/callback/Event	$values	()[Lorg/flywaydb/core/api/callback/Event;	GET_STATIC_FIELD	org/flywaydb/core/api/callback/Event::AFTER_CLEAN_OPERATION_FINISH|Lorg/flywaydb/core/api/callback/Event;
org/flywaydb/core/api/callback/Event	$values	()[Lorg/flywaydb/core/api/callback/Event;	GET_STATIC_FIELD	org/flywaydb/core/api/callback/Event::AFTER_CLEAN|Lorg/flywaydb/core/api/callback/Event;
org/flywaydb/core/api/callback/Event	$values	()[Lorg/flywaydb/core/api/callback/Event;	GET_STATIC_FIELD	org/flywaydb/core/api/callback/Event::AFTER_EACH_MIGRATE_ERROR|Lorg/flywaydb/core/api/callback/Event;
org/flywaydb/core/api/callback/Event	$values	()[Lorg/flywaydb/core/api/callback/Event;	GET_STATIC_FIELD	org/flywaydb/core/api/callback/Event::AFTER_EACH_MIGRATE_STATEMENT_ERROR|Lorg/flywaydb/core/api/callback/Event;
org/flywaydb/core/api/callback/Event	$values	()[Lorg/flywaydb/core/api/callback/Event;	GET_STATIC_FIELD	org/flywaydb/core/api/callback/Event::AFTER_EACH_MIGRATE_STATEMENT|Lorg/flywaydb/core/api/callback/Event;
org/flywaydb/core/api/callback/Event	$values	()[Lorg/flywaydb/core/api/callback/Event;	GET_STATIC_FIELD	org/flywaydb/core/api/callback/Event::AFTER_EACH_MIGRATE|Lorg/flywaydb/core/api/callback/Event;
org/flywaydb/core/api/callback/Event	$values	()[Lorg/flywaydb/core/api/callback/Event;	GET_STATIC_FIELD	org/flywaydb/core/api/callback/Event::AFTER_EACH_UNDO_ERROR|Lorg/flywaydb/core/api/callback/Event;
org/flywaydb/core/api/callback/Event	$values	()[Lorg/flywaydb/core/api/callback/Event;	GET_STATIC_FIELD	org/flywaydb/core/api/callback/Event::AFTER_EACH_UNDO_STATEMENT_ERROR|Lorg/flywaydb/core/api/callback/Event;
org/flywaydb/core/api/callback/Event	$values	()[Lorg/flywaydb/core/api/callback/Event;	GET_STATIC_FIELD	org/flywaydb/core/api/callback/Event::AFTER_EACH_UNDO_STATEMENT|Lorg/flywaydb/core/api/callback/Event;
org/flywaydb/core/api/callback/Event	$values	()[Lorg/flywaydb/core/api/callback/Event;	GET_STATIC_FIELD	org/flywaydb/core/api/callback/Event::AFTER_EACH_UNDO|Lorg/flywaydb/core/api/callback/Event;
org/flywaydb/core/api/callback/Event	$values	()[Lorg/flywaydb/core/api/callback/Event;	GET_STATIC_FIELD	org/flywaydb/core/api/callback/Event::AFTER_INFO_ERROR|Lorg/flywaydb/core/api/callback/Event;
org/flywaydb/core/api/callback/Event	$values	()[Lorg/flywaydb/core/api/callback/Event;	GET_STATIC_FIELD	org/flywaydb/core/api/callback/Event::AFTER_INFO_OPERATION_FINISH|Lorg/flywaydb/core/api/callback/Event;
org/flywaydb/core/api/callback/Event	$values	()[Lorg/flywaydb/core/api/callback/Event;	GET_STATIC_FIELD	org/flywaydb/core/api/callback/Event::AFTER_INFO|Lorg/flywaydb/core/api/callback/Event;
org/flywaydb/core/api/callback/Event	$values	()[Lorg/flywaydb/core/api/callback/Event;	GET_STATIC_FIELD	org/flywaydb/core/api/callback/Event::AFTER_MIGRATE_APPLIED|Lorg/flywaydb/core/api/callback/Event;
org/flywaydb/core/api/callback/Event	$values	()[Lorg/flywaydb/core/api/callback/Event;	GET_STATIC_FIELD	org/flywaydb/core/api/callback/Event::AFTER_MIGRATE_ERROR|Lorg/flywaydb/core/api/callback/Event;
org/flywaydb/core/api/callback/Event	$values	()[Lorg/flywaydb/core/api/callback/Event;	GET_STATIC_FIELD	org/flywaydb/core/api/callback/Event::AFTER_MIGRATE_OPERATION_FINISH|Lorg/flywaydb/core/api/callback/Event;
org/flywaydb/core/api/callback/Event	$values	()[Lorg/flywaydb/core/api/callback/Event;	GET_STATIC_FIELD	org/flywaydb/core/api/callback/Event::AFTER_MIGRATE|Lorg/flywaydb/core/api/callback/Event;
org/flywaydb/core/api/callback/Event	$values	()[Lorg/flywaydb/core/api/callback/Event;	GET_STATIC_FIELD	org/flywaydb/core/api/callback/Event::AFTER_REPAIR_ERROR|Lorg/flywaydb/core/api/callback/Event;
org/flywaydb/core/api/callback/Event	$values	()[Lorg/flywaydb/core/api/callback/Event;	GET_STATIC_FIELD	org/flywaydb/core/api/callback/Event::AFTER_REPAIR_OPERATION_FINISH|Lorg/flywaydb/core/api/callback/Event;
org/flywaydb/core/api/callback/Event	$values	()[Lorg/flywaydb/core/api/callback/Event;	GET_STATIC_FIELD	org/flywaydb/core/api/callback/Event::AFTER_REPAIR|Lorg/flywaydb/core/api/callback/Event;
org/flywaydb/core/api/callback/Event	$values	()[Lorg/flywaydb/core/api/callback/Event;	GET_STATIC_FIELD	org/flywaydb/core/api/callback/Event::AFTER_UNDO_ERROR|Lorg/flywaydb/core/api/callback/Event;
org/flywaydb/core/api/callback/Event	$values	()[Lorg/flywaydb/core/api/callback/Event;	GET_STATIC_FIELD	org/flywaydb/core/api/callback/Event::AFTER_UNDO_OPERATION_FINISH|Lorg/flywaydb/core/api/callback/Event;
org/flywaydb/core/api/callback/Event	$values	()[Lorg/flywaydb/core/api/callback/Event;	GET_STATIC_FIELD	org/flywaydb/core/api/callback/Event::AFTER_UNDO|Lorg/flywaydb/core/api/callback/Event;
org/flywaydb/core/api/callback/Event	$values	()[Lorg/flywaydb/core/api/callback/Event;	GET_STATIC_FIELD	org/flywaydb/core/api/callback/Event::AFTER_VALIDATE_ERROR|Lorg/flywaydb/core/api/callback/Event;
org/flywaydb/core/api/callback/Event	$values	()[Lorg/flywaydb/core/api/callback/Event;	GET_STATIC_FIELD	org/flywaydb/core/api/callback/Event::AFTER_VALIDATE_OPERATION_FINISH|Lorg/flywaydb/core/api/callback/Event;
org/flywaydb/core/api/callback/Event	$values	()[Lorg/flywaydb/core/api/callback/Event;	GET_STATIC_FIELD	org/flywaydb/core/api/callback/Event::AFTER_VALIDATE|Lorg/flywaydb/core/api/callback/Event;
org/flywaydb/core/api/callback/Event	$values	()[Lorg/flywaydb/core/api/callback/Event;	GET_STATIC_FIELD	org/flywaydb/core/api/callback/Event::AFTER_VERSIONED|Lorg/flywaydb/core/api/callback/Event;
org/flywaydb/core/api/callback/Event	$values	()[Lorg/flywaydb/core/api/callback/Event;	GET_STATIC_FIELD	org/flywaydb/core/api/callback/Event::BEFORE_BASELINE|Lorg/flywaydb/core/api/callback/Event;
org/flywaydb/core/api/callback/Event	$values	()[Lorg/flywaydb/core/api/callback/Event;	GET_STATIC_FIELD	org/flywaydb/core/api/callback/Event::BEFORE_CLEAN|Lorg/flywaydb/core/api/callback/Event;
org/flywaydb/core/api/callback/Event	$values	()[Lorg/flywaydb/core/api/callback/Event;	GET_STATIC_FIELD	org/flywaydb/core/api/callback/Event::BEFORE_CONNECT|Lorg/flywaydb/core/api/callback/Event;
org/flywaydb/core/api/callback/Event	$values	()[Lorg/flywaydb/core/api/callback/Event;	GET_STATIC_FIELD	org/flywaydb/core/api/callback/Event::BEFORE_EACH_MIGRATE_STATEMENT|Lorg/flywaydb/core/api/callback/Event;
org/flywaydb/core/api/callback/Event	$values	()[Lorg/flywaydb/core/api/callback/Event;	GET_STATIC_FIELD	org/flywaydb/core/api/callback/Event::BEFORE_EACH_MIGRATE|Lorg/flywaydb/core/api/callback/Event;
org/flywaydb/core/api/callback/Event	$values	()[Lorg/flywaydb/core/api/callback/Event;	GET_STATIC_FIELD	org/flywaydb/core/api/callback/Event::BEFORE_EACH_UNDO_STATEMENT|Lorg/flywaydb/core/api/callback/Event;
org/flywaydb/core/api/callback/Event	$values	()[Lorg/flywaydb/core/api/callback/Event;	GET_STATIC_FIELD	org/flywaydb/core/api/callback/Event::BEFORE_EACH_UNDO|Lorg/flywaydb/core/api/callback/Event;
org/flywaydb/core/api/callback/Event	$values	()[Lorg/flywaydb/core/api/callback/Event;	GET_STATIC_FIELD	org/flywaydb/core/api/callback/Event::BEFORE_INFO|Lorg/flywaydb/core/api/callback/Event;
org/flywaydb/core/api/callback/Event	$values	()[Lorg/flywaydb/core/api/callback/Event;	GET_STATIC_FIELD	org/flywaydb/core/api/callback/Event::BEFORE_MIGRATE|Lorg/flywaydb/core/api/callback/Event;
org/flywaydb/core/api/callback/Event	$values	()[Lorg/flywaydb/core/api/callback/Event;	GET_STATIC_FIELD	org/flywaydb/core/api/callback/Event::BEFORE_REPAIR|Lorg/flywaydb/core/api/callback/Event;
org/flywaydb/core/api/callback/Event	$values	()[Lorg/flywaydb/core/api/callback/Event;	GET_STATIC_FIELD	org/flywaydb/core/api/callback/Event::BEFORE_REPEATABLES|Lorg/flywaydb/core/api/callback/Event;
org/flywaydb/core/api/callback/Event	$values	()[Lorg/flywaydb/core/api/callback/Event;	GET_STATIC_FIELD	org/flywaydb/core/api/callback/Event::BEFORE_UNDO|Lorg/flywaydb/core/api/callback/Event;
org/flywaydb/core/api/callback/Event	$values	()[Lorg/flywaydb/core/api/callback/Event;	GET_STATIC_FIELD	org/flywaydb/core/api/callback/Event::BEFORE_VALIDATE|Lorg/flywaydb/core/api/callback/Event;
org/flywaydb/core/api/callback/Event	$values	()[Lorg/flywaydb/core/api/callback/Event;	GET_STATIC_FIELD	org/flywaydb/core/api/callback/Event::CREATE_SCHEMA|Lorg/flywaydb/core/api/callback/Event;
org/flywaydb/core/api/callback/Event	<clinit>	()V	INVOKE_STATIC	org/flywaydb/core/api/callback/Event::$values()[Lorg/flywaydb/core/api/callback/Event;
org/flywaydb/core/api/migration/baseline/BaselineMigrationType	$values	()[Lorg/flywaydb/core/api/migration/baseline/BaselineMigrationType;	GET_STATIC_FIELD	org/flywaydb/core/api/migration/baseline/BaselineMigrationType::JDBC_BASELINE|Lorg/flywaydb/core/api/migration/baseline/BaselineMigrationType;
org/flywaydb/core/api/migration/baseline/BaselineMigrationType	$values	()[Lorg/flywaydb/core/api/migration/baseline/BaselineMigrationType;	GET_STATIC_FIELD	org/flywaydb/core/api/migration/baseline/BaselineMigrationType::SQL_BASELINE|Lorg/flywaydb/core/api/migration/baseline/BaselineMigrationType;
org/flywaydb/core/api/migration/baseline/BaselineMigrationType	<clinit>	()V	INVOKE_STATIC	org/flywaydb/core/api/migration/baseline/BaselineMigrationType::$values()[Lorg/flywaydb/core/api/migration/baseline/BaselineMigrationType;
org/flywaydb/core/api/migration/baseline/BaselineResourceTypeProvider$BaselineResourceType	$values	()[Lorg/flywaydb/core/api/migration/baseline/BaselineResourceTypeProvider$BaselineResourceType;	GET_STATIC_FIELD	org/flywaydb/core/api/migration/baseline/BaselineResourceTypeProvider$BaselineResourceType::BASELINE_MIGRATION|Lorg/flywaydb/core/api/migration/baseline/BaselineResourceTypeProvider$BaselineResourceType;
org/flywaydb/core/api/migration/baseline/BaselineResourceTypeProvider$BaselineResourceType	<clinit>	()V	INVOKE_STATIC	org/flywaydb/core/api/migration/baseline/BaselineResourceTypeProvider$BaselineResourceType::$values()[Lorg/flywaydb/core/api/migration/baseline/BaselineResourceTypeProvider$BaselineResourceType;
org/flywaydb/core/extensibility/LicenseType	$values	()[Lorg/flywaydb/core/extensibility/LicenseType;	GET_STATIC_FIELD	org/flywaydb/core/extensibility/LicenseType::ENTERPRISE100_REDISTRIBUTABLE|Lorg/flywaydb/core/extensibility/LicenseType;
org/flywaydb/core/extensibility/LicenseType	$values	()[Lorg/flywaydb/core/extensibility/LicenseType;	GET_STATIC_FIELD	org/flywaydb/core/extensibility/LicenseType::ENTERPRISE100|Lorg/flywaydb/core/extensibility/LicenseType;
org/flywaydb/core/extensibility/LicenseType	$values	()[Lorg/flywaydb/core/extensibility/LicenseType;	GET_STATIC_FIELD	org/flywaydb/core/extensibility/LicenseType::ENTERPRISE10_REDISTRIBUTABLE|Lorg/flywaydb/core/extensibility/LicenseType;
org/flywaydb/core/extensibility/LicenseType	$values	()[Lorg/flywaydb/core/extensibility/LicenseType;	GET_STATIC_FIELD	org/flywaydb/core/extensibility/LicenseType::ENTERPRISE10|Lorg/flywaydb/core/extensibility/LicenseType;
org/flywaydb/core/extensibility/LicenseType	$values	()[Lorg/flywaydb/core/extensibility/LicenseType;	GET_STATIC_FIELD	org/flywaydb/core/extensibility/LicenseType::ENTERPRISE20_REDISTRIBUTABLE|Lorg/flywaydb/core/extensibility/LicenseType;
org/flywaydb/core/extensibility/LicenseType	$values	()[Lorg/flywaydb/core/extensibility/LicenseType;	GET_STATIC_FIELD	org/flywaydb/core/extensibility/LicenseType::ENTERPRISE20|Lorg/flywaydb/core/extensibility/LicenseType;
org/flywaydb/core/extensibility/LicenseType	$values	()[Lorg/flywaydb/core/extensibility/LicenseType;	GET_STATIC_FIELD	org/flywaydb/core/extensibility/LicenseType::ENTERPRISE30_REDISTRIBUTABLE|Lorg/flywaydb/core/extensibility/LicenseType;
org/flywaydb/core/extensibility/LicenseType	$values	()[Lorg/flywaydb/core/extensibility/LicenseType;	GET_STATIC_FIELD	org/flywaydb/core/extensibility/LicenseType::ENTERPRISE30|Lorg/flywaydb/core/extensibility/LicenseType;
org/flywaydb/core/extensibility/LicenseType	$values	()[Lorg/flywaydb/core/extensibility/LicenseType;	GET_STATIC_FIELD	org/flywaydb/core/extensibility/LicenseType::ENTERPRISE40_REDISTRIBUTABLE|Lorg/flywaydb/core/extensibility/LicenseType;
org/flywaydb/core/extensibility/LicenseType	$values	()[Lorg/flywaydb/core/extensibility/LicenseType;	GET_STATIC_FIELD	org/flywaydb/core/extensibility/LicenseType::ENTERPRISE40|Lorg/flywaydb/core/extensibility/LicenseType;
org/flywaydb/core/extensibility/LicenseType	$values	()[Lorg/flywaydb/core/extensibility/LicenseType;	GET_STATIC_FIELD	org/flywaydb/core/extensibility/LicenseType::ENTERPRISE50_REDISTRIBUTABLE|Lorg/flywaydb/core/extensibility/LicenseType;
org/flywaydb/core/extensibility/LicenseType	$values	()[Lorg/flywaydb/core/extensibility/LicenseType;	GET_STATIC_FIELD	org/flywaydb/core/extensibility/LicenseType::ENTERPRISE50|Lorg/flywaydb/core/extensibility/LicenseType;
org/flywaydb/core/extensibility/LicenseType	$values	()[Lorg/flywaydb/core/extensibility/LicenseType;	GET_STATIC_FIELD	org/flywaydb/core/extensibility/LicenseType::ENTERPRISE60_REDISTRIBUTABLE|Lorg/flywaydb/core/extensibility/LicenseType;
org/flywaydb/core/extensibility/LicenseType	$values	()[Lorg/flywaydb/core/extensibility/LicenseType;	GET_STATIC_FIELD	org/flywaydb/core/extensibility/LicenseType::ENTERPRISE60|Lorg/flywaydb/core/extensibility/LicenseType;
org/flywaydb/core/extensibility/LicenseType	$values	()[Lorg/flywaydb/core/extensibility/LicenseType;	GET_STATIC_FIELD	org/flywaydb/core/extensibility/LicenseType::ENTERPRISE70_REDISTRIBUTABLE|Lorg/flywaydb/core/extensibility/LicenseType;
org/flywaydb/core/extensibility/LicenseType	$values	()[Lorg/flywaydb/core/extensibility/LicenseType;	GET_STATIC_FIELD	org/flywaydb/core/extensibility/LicenseType::ENTERPRISE70|Lorg/flywaydb/core/extensibility/LicenseType;
org/flywaydb/core/extensibility/LicenseType	$values	()[Lorg/flywaydb/core/extensibility/LicenseType;	GET_STATIC_FIELD	org/flywaydb/core/extensibility/LicenseType::ENTERPRISE80_REDISTRIBUTABLE|Lorg/flywaydb/core/extensibility/LicenseType;
org/flywaydb/core/extensibility/LicenseType	$values	()[Lorg/flywaydb/core/extensibility/LicenseType;	GET_STATIC_FIELD	org/flywaydb/core/extensibility/LicenseType::ENTERPRISE80|Lorg/flywaydb/core/extensibility/LicenseType;
org/flywaydb/core/extensibility/LicenseType	$values	()[Lorg/flywaydb/core/extensibility/LicenseType;	GET_STATIC_FIELD	org/flywaydb/core/extensibility/LicenseType::ENTERPRISE90_REDISTRIBUTABLE|Lorg/flywaydb/core/extensibility/LicenseType;
org/flywaydb/core/extensibility/LicenseType	$values	()[Lorg/flywaydb/core/extensibility/LicenseType;	GET_STATIC_FIELD	org/flywaydb/core/extensibility/LicenseType::ENTERPRISE90|Lorg/flywaydb/core/extensibility/LicenseType;
org/flywaydb/core/extensibility/LicenseType	$values	()[Lorg/flywaydb/core/extensibility/LicenseType;	GET_STATIC_FIELD	org/flywaydb/core/extensibility/LicenseType::ENTERPRISESITE_REDISTRIBUTABLE|Lorg/flywaydb/core/extensibility/LicenseType;
org/flywaydb/core/extensibility/LicenseType	$values	()[Lorg/flywaydb/core/extensibility/LicenseType;	GET_STATIC_FIELD	org/flywaydb/core/extensibility/LicenseType::ENTERPRISESITE|Lorg/flywaydb/core/extensibility/LicenseType;
org/flywaydb/core/extensibility/LicenseType	$values	()[Lorg/flywaydb/core/extensibility/LicenseType;	GET_STATIC_FIELD	org/flywaydb/core/extensibility/LicenseType::PRO100_REDISTRIBUTABLE|Lorg/flywaydb/core/extensibility/LicenseType;
org/flywaydb/core/extensibility/LicenseType	$values	()[Lorg/flywaydb/core/extensibility/LicenseType;	GET_STATIC_FIELD	org/flywaydb/core/extensibility/LicenseType::PRO100|Lorg/flywaydb/core/extensibility/LicenseType;
org/flywaydb/core/extensibility/LicenseType	$values	()[Lorg/flywaydb/core/extensibility/LicenseType;	GET_STATIC_FIELD	org/flywaydb/core/extensibility/LicenseType::PRO10_REDISTRIBUTABLE|Lorg/flywaydb/core/extensibility/LicenseType;
org/flywaydb/core/extensibility/LicenseType	$values	()[Lorg/flywaydb/core/extensibility/LicenseType;	GET_STATIC_FIELD	org/flywaydb/core/extensibility/LicenseType::PRO10|Lorg/flywaydb/core/extensibility/LicenseType;
org/flywaydb/core/extensibility/LicenseType	$values	()[Lorg/flywaydb/core/extensibility/LicenseType;	GET_STATIC_FIELD	org/flywaydb/core/extensibility/LicenseType::PRO20_REDISTRIBUTABLE|Lorg/flywaydb/core/extensibility/LicenseType;
org/flywaydb/core/extensibility/LicenseType	$values	()[Lorg/flywaydb/core/extensibility/LicenseType;	GET_STATIC_FIELD	org/flywaydb/core/extensibility/LicenseType::PRO20|Lorg/flywaydb/core/extensibility/LicenseType;
org/flywaydb/core/extensibility/LicenseType	$values	()[Lorg/flywaydb/core/extensibility/LicenseType;	GET_STATIC_FIELD	org/flywaydb/core/extensibility/LicenseType::PRO30_REDISTRIBUTABLE|Lorg/flywaydb/core/extensibility/LicenseType;
org/flywaydb/core/extensibility/LicenseType	$values	()[Lorg/flywaydb/core/extensibility/LicenseType;	GET_STATIC_FIELD	org/flywaydb/core/extensibility/LicenseType::PRO30|Lorg/flywaydb/core/extensibility/LicenseType;
org/flywaydb/core/extensibility/LicenseType	$values	()[Lorg/flywaydb/core/extensibility/LicenseType;	GET_STATIC_FIELD	org/flywaydb/core/extensibility/LicenseType::PRO40_REDISTRIBUTABLE|Lorg/flywaydb/core/extensibility/LicenseType;
org/flywaydb/core/extensibility/LicenseType	$values	()[Lorg/flywaydb/core/extensibility/LicenseType;	GET_STATIC_FIELD	org/flywaydb/core/extensibility/LicenseType::PRO40|Lorg/flywaydb/core/extensibility/LicenseType;
org/flywaydb/core/extensibility/LicenseType	$values	()[Lorg/flywaydb/core/extensibility/LicenseType;	GET_STATIC_FIELD	org/flywaydb/core/extensibility/LicenseType::PRO50_REDISTRIBUTABLE|Lorg/flywaydb/core/extensibility/LicenseType;
org/flywaydb/core/extensibility/LicenseType	$values	()[Lorg/flywaydb/core/extensibility/LicenseType;	GET_STATIC_FIELD	org/flywaydb/core/extensibility/LicenseType::PRO50|Lorg/flywaydb/core/extensibility/LicenseType;
org/flywaydb/core/extensibility/LicenseType	$values	()[Lorg/flywaydb/core/extensibility/LicenseType;	GET_STATIC_FIELD	org/flywaydb/core/extensibility/LicenseType::PRO60_REDISTRIBUTABLE|Lorg/flywaydb/core/extensibility/LicenseType;
org/flywaydb/core/extensibility/LicenseType	$values	()[Lorg/flywaydb/core/extensibility/LicenseType;	GET_STATIC_FIELD	org/flywaydb/core/extensibility/LicenseType::PRO60|Lorg/flywaydb/core/extensibility/LicenseType;
org/flywaydb/core/extensibility/LicenseType	$values	()[Lorg/flywaydb/core/extensibility/LicenseType;	GET_STATIC_FIELD	org/flywaydb/core/extensibility/LicenseType::PRO70_REDISTRIBUTABLE|Lorg/flywaydb/core/extensibility/LicenseType;
org/flywaydb/core/extensibility/LicenseType	$values	()[Lorg/flywaydb/core/extensibility/LicenseType;	GET_STATIC_FIELD	org/flywaydb/core/extensibility/LicenseType::PRO70|Lorg/flywaydb/core/extensibility/LicenseType;
org/flywaydb/core/extensibility/LicenseType	$values	()[Lorg/flywaydb/core/extensibility/LicenseType;	GET_STATIC_FIELD	org/flywaydb/core/extensibility/LicenseType::PRO80_REDISTRIBUTABLE|Lorg/flywaydb/core/extensibility/LicenseType;
org/flywaydb/core/extensibility/LicenseType	$values	()[Lorg/flywaydb/core/extensibility/LicenseType;	GET_STATIC_FIELD	org/flywaydb/core/extensibility/LicenseType::PRO80|Lorg/flywaydb/core/extensibility/LicenseType;
org/flywaydb/core/extensibility/LicenseType	$values	()[Lorg/flywaydb/core/extensibility/LicenseType;	GET_STATIC_FIELD	org/flywaydb/core/extensibility/LicenseType::PRO90_REDISTRIBUTABLE|Lorg/flywaydb/core/extensibility/LicenseType;
org/flywaydb/core/extensibility/LicenseType	$values	()[Lorg/flywaydb/core/extensibility/LicenseType;	GET_STATIC_FIELD	org/flywaydb/core/extensibility/LicenseType::PRO90|Lorg/flywaydb/core/extensibility/LicenseType;
org/flywaydb/core/extensibility/LicenseType	$values	()[Lorg/flywaydb/core/extensibility/LicenseType;	GET_STATIC_FIELD	org/flywaydb/core/extensibility/LicenseType::PROSITE_REDISTRIBUTABLE|Lorg/flywaydb/core/extensibility/LicenseType;
org/flywaydb/core/extensibility/LicenseType	$values	()[Lorg/flywaydb/core/extensibility/LicenseType;	GET_STATIC_FIELD	org/flywaydb/core/extensibility/LicenseType::PROSITE|Lorg/flywaydb/core/extensibility/LicenseType;
org/flywaydb/core/extensibility/LicenseType	$values	()[Lorg/flywaydb/core/extensibility/LicenseType;	GET_STATIC_FIELD	org/flywaydb/core/extensibility/LicenseType::TEAMS_TRIAL|Lorg/flywaydb/core/extensibility/LicenseType;
org/flywaydb/core/extensibility/LicenseType	$values	()[Lorg/flywaydb/core/extensibility/LicenseType;	GET_STATIC_FIELD	org/flywaydb/core/extensibility/LicenseType::TIER3_TRIAL|Lorg/flywaydb/core/extensibility/LicenseType;
org/flywaydb/core/extensibility/LicenseType	$values	()[Lorg/flywaydb/core/extensibility/LicenseType;	GET_STATIC_FIELD	org/flywaydb/core/extensibility/LicenseType::TIER3_UNLIMITED|Lorg/flywaydb/core/extensibility/LicenseType;
org/flywaydb/core/extensibility/LicenseType	$values	()[Lorg/flywaydb/core/extensibility/LicenseType;	GET_STATIC_FIELD	org/flywaydb/core/extensibility/LicenseType::TRIAL|Lorg/flywaydb/core/extensibility/LicenseType;
org/flywaydb/core/extensibility/LicenseType	<clinit>	()V	INVOKE_STATIC	org/flywaydb/core/extensibility/LicenseType::$values()[Lorg/flywaydb/core/extensibility/LicenseType;
org/flywaydb/core/internal/callback/NoopCallback	$values	()[Lorg/flywaydb/core/internal/callback/NoopCallback;	GET_STATIC_FIELD	org/flywaydb/core/internal/callback/NoopCallback::INSTANCE|Lorg/flywaydb/core/internal/callback/NoopCallback;
org/flywaydb/core/internal/callback/NoopCallback	<clinit>	()V	INVOKE_STATIC	org/flywaydb/core/internal/callback/NoopCallback::$values()[Lorg/flywaydb/core/internal/callback/NoopCallback;
org/flywaydb/core/internal/callback/NoopCallbackExecutor	$values	()[Lorg/flywaydb/core/internal/callback/NoopCallbackExecutor;	GET_STATIC_FIELD	org/flywaydb/core/internal/callback/NoopCallbackExecutor::INSTANCE|Lorg/flywaydb/core/internal/callback/NoopCallbackExecutor;
org/flywaydb/core/internal/callback/NoopCallbackExecutor	<clinit>	()V	INVOKE_STATIC	org/flywaydb/core/internal/callback/NoopCallbackExecutor::$values()[Lorg/flywaydb/core/internal/callback/NoopCallbackExecutor;
org/flywaydb/core/internal/clazz/NoopClassProvider	$values	()[Lorg/flywaydb/core/internal/clazz/NoopClassProvider;	GET_STATIC_FIELD	org/flywaydb/core/internal/clazz/NoopClassProvider::INSTANCE|Lorg/flywaydb/core/internal/clazz/NoopClassProvider;
org/flywaydb/core/internal/clazz/NoopClassProvider	<clinit>	()V	INVOKE_STATIC	org/flywaydb/core/internal/clazz/NoopClassProvider::$values()[Lorg/flywaydb/core/internal/clazz/NoopClassProvider;
org/flywaydb/core/internal/command/clean/CleanModeConfigurationExtension$Mode	$values	()[Lorg/flywaydb/core/internal/command/clean/CleanModeConfigurationExtension$Mode;	GET_STATIC_FIELD	org/flywaydb/core/internal/command/clean/CleanModeConfigurationExtension$Mode::ALL|Lorg/flywaydb/core/internal/command/clean/CleanModeConfigurationExtension$Mode;
org/flywaydb/core/internal/command/clean/CleanModeConfigurationExtension$Mode	$values	()[Lorg/flywaydb/core/internal/command/clean/CleanModeConfigurationExtension$Mode;	GET_STATIC_FIELD	org/flywaydb/core/internal/command/clean/CleanModeConfigurationExtension$Mode::DEFAULT|Lorg/flywaydb/core/internal/command/clean/CleanModeConfigurationExtension$Mode;
org/flywaydb/core/internal/command/clean/CleanModeConfigurationExtension$Mode	$values	()[Lorg/flywaydb/core/internal/command/clean/CleanModeConfigurationExtension$Mode;	GET_STATIC_FIELD	org/flywaydb/core/internal/command/clean/CleanModeConfigurationExtension$Mode::SCHEMA|Lorg/flywaydb/core/internal/command/clean/CleanModeConfigurationExtension$Mode;
org/flywaydb/core/internal/command/clean/CleanModeConfigurationExtension$Mode	<clinit>	()V	INVOKE_STATIC	org/flywaydb/core/internal/command/clean/CleanModeConfigurationExtension$Mode::$values()[Lorg/flywaydb/core/internal/command/clean/CleanModeConfigurationExtension$Mode;
org/flywaydb/core/internal/configuration/TomlUtils	lambda$loadConfigurationFromEnvironment$1	(Ljava/lang/String;Ljava/lang/reflect/Field;)Z	INVOKE_VIRTUAL	java/lang/String::equals(Ljava/lang/Object;)Z
org/flywaydb/core/internal/configuration/TomlUtils	lambda$loadConfigurationFromEnvironment$1	(Ljava/lang/String;Ljava/lang/reflect/Field;)Z	INVOKE_VIRTUAL	java/lang/reflect/Field::getName()Ljava/lang/String;
org/flywaydb/core/internal/database/h2/H2Database$CompatibilityMode	$values	()[Lorg/flywaydb/core/internal/database/h2/H2Database$CompatibilityMode;	GET_STATIC_FIELD	org/flywaydb/core/internal/database/h2/H2Database$CompatibilityMode::DB2|Lorg/flywaydb/core/internal/database/h2/H2Database$CompatibilityMode;
org/flywaydb/core/internal/database/h2/H2Database$CompatibilityMode	$values	()[Lorg/flywaydb/core/internal/database/h2/H2Database$CompatibilityMode;	GET_STATIC_FIELD	org/flywaydb/core/internal/database/h2/H2Database$CompatibilityMode::Derby|Lorg/flywaydb/core/internal/database/h2/H2Database$CompatibilityMode;
org/flywaydb/core/internal/database/h2/H2Database$CompatibilityMode	$values	()[Lorg/flywaydb/core/internal/database/h2/H2Database$CompatibilityMode;	GET_STATIC_FIELD	org/flywaydb/core/internal/database/h2/H2Database$CompatibilityMode::HSQLDB|Lorg/flywaydb/core/internal/database/h2/H2Database$CompatibilityMode;
org/flywaydb/core/internal/database/h2/H2Database$CompatibilityMode	$values	()[Lorg/flywaydb/core/internal/database/h2/H2Database$CompatibilityMode;	GET_STATIC_FIELD	org/flywaydb/core/internal/database/h2/H2Database$CompatibilityMode::Ignite|Lorg/flywaydb/core/internal/database/h2/H2Database$CompatibilityMode;
org/flywaydb/core/internal/database/h2/H2Database$CompatibilityMode	$values	()[Lorg/flywaydb/core/internal/database/h2/H2Database$CompatibilityMode;	GET_STATIC_FIELD	org/flywaydb/core/internal/database/h2/H2Database$CompatibilityMode::LEGACY|Lorg/flywaydb/core/internal/database/h2/H2Database$CompatibilityMode;
org/flywaydb/core/internal/database/h2/H2Database$CompatibilityMode	$values	()[Lorg/flywaydb/core/internal/database/h2/H2Database$CompatibilityMode;	GET_STATIC_FIELD	org/flywaydb/core/internal/database/h2/H2Database$CompatibilityMode::MSSQLServer|Lorg/flywaydb/core/internal/database/h2/H2Database$CompatibilityMode;
org/flywaydb/core/internal/database/h2/H2Database$CompatibilityMode	$values	()[Lorg/flywaydb/core/internal/database/h2/H2Database$CompatibilityMode;	GET_STATIC_FIELD	org/flywaydb/core/internal/database/h2/H2Database$CompatibilityMode::MySQL|Lorg/flywaydb/core/internal/database/h2/H2Database$CompatibilityMode;
org/flywaydb/core/internal/database/h2/H2Database$CompatibilityMode	$values	()[Lorg/flywaydb/core/internal/database/h2/H2Database$CompatibilityMode;	GET_STATIC_FIELD	org/flywaydb/core/internal/database/h2/H2Database$CompatibilityMode::Oracle|Lorg/flywaydb/core/internal/database/h2/H2Database$CompatibilityMode;
org/flywaydb/core/internal/database/h2/H2Database$CompatibilityMode	$values	()[Lorg/flywaydb/core/internal/database/h2/H2Database$CompatibilityMode;	GET_STATIC_FIELD	org/flywaydb/core/internal/database/h2/H2Database$CompatibilityMode::PostgreSQL|Lorg/flywaydb/core/internal/database/h2/H2Database$CompatibilityMode;
org/flywaydb/core/internal/database/h2/H2Database$CompatibilityMode	$values	()[Lorg/flywaydb/core/internal/database/h2/H2Database$CompatibilityMode;	GET_STATIC_FIELD	org/flywaydb/core/internal/database/h2/H2Database$CompatibilityMode::REGULAR|Lorg/flywaydb/core/internal/database/h2/H2Database$CompatibilityMode;
org/flywaydb/core/internal/database/h2/H2Database$CompatibilityMode	$values	()[Lorg/flywaydb/core/internal/database/h2/H2Database$CompatibilityMode;	GET_STATIC_FIELD	org/flywaydb/core/internal/database/h2/H2Database$CompatibilityMode::STRICT|Lorg/flywaydb/core/internal/database/h2/H2Database$CompatibilityMode;
org/flywaydb/core/internal/database/h2/H2Database$CompatibilityMode	<clinit>	()V	INVOKE_STATIC	org/flywaydb/core/internal/database/h2/H2Database$CompatibilityMode::$values()[Lorg/flywaydb/core/internal/database/h2/H2Database$CompatibilityMode;
org/flywaydb/core/internal/jdbc/JdbcNullTypes	$values	()[Lorg/flywaydb/core/internal/jdbc/JdbcNullTypes;	GET_STATIC_FIELD	org/flywaydb/core/internal/jdbc/JdbcNullTypes::BooleanNull|Lorg/flywaydb/core/internal/jdbc/JdbcNullTypes;
org/flywaydb/core/internal/jdbc/JdbcNullTypes	$values	()[Lorg/flywaydb/core/internal/jdbc/JdbcNullTypes;	GET_STATIC_FIELD	org/flywaydb/core/internal/jdbc/JdbcNullTypes::IntegerNull|Lorg/flywaydb/core/internal/jdbc/JdbcNullTypes;
org/flywaydb/core/internal/jdbc/JdbcNullTypes	$values	()[Lorg/flywaydb/core/internal/jdbc/JdbcNullTypes;	GET_STATIC_FIELD	org/flywaydb/core/internal/jdbc/JdbcNullTypes::StringNull|Lorg/flywaydb/core/internal/jdbc/JdbcNullTypes;
org/flywaydb/core/internal/jdbc/JdbcNullTypes	<clinit>	()V	INVOKE_STATIC	org/flywaydb/core/internal/jdbc/JdbcNullTypes::$values()[Lorg/flywaydb/core/internal/jdbc/JdbcNullTypes;
org/flywaydb/core/internal/license/Edition	$values	()[Lorg/flywaydb/core/internal/license/Edition;	GET_STATIC_FIELD	org/flywaydb/core/internal/license/Edition::COMMUNITY|Lorg/flywaydb/core/internal/license/Edition;
org/flywaydb/core/internal/license/Edition	$values	()[Lorg/flywaydb/core/internal/license/Edition;	GET_STATIC_FIELD	org/flywaydb/core/internal/license/Edition::ENTERPRISE|Lorg/flywaydb/core/internal/license/Edition;
org/flywaydb/core/internal/license/Edition	$values	()[Lorg/flywaydb/core/internal/license/Edition;	GET_STATIC_FIELD	org/flywaydb/core/internal/license/Edition::PRO|Lorg/flywaydb/core/internal/license/Edition;
org/flywaydb/core/internal/license/Edition	$values	()[Lorg/flywaydb/core/internal/license/Edition;	GET_STATIC_FIELD	org/flywaydb/core/internal/license/Edition::TIER3|Lorg/flywaydb/core/internal/license/Edition;
org/flywaydb/core/internal/license/Edition	<clinit>	()V	INVOKE_STATIC	org/flywaydb/core/internal/license/Edition::$values()[Lorg/flywaydb/core/internal/license/Edition;
org/flywaydb/core/internal/logging/buffered/BufferedLog$Level	$values	()[Lorg/flywaydb/core/internal/logging/buffered/BufferedLog$Level;	GET_STATIC_FIELD	org/flywaydb/core/internal/logging/buffered/BufferedLog$Level::DEBUG|Lorg/flywaydb/core/internal/logging/buffered/BufferedLog$Level;
org/flywaydb/core/internal/logging/buffered/BufferedLog$Level	$values	()[Lorg/flywaydb/core/internal/logging/buffered/BufferedLog$Level;	GET_STATIC_FIELD	org/flywaydb/core/internal/logging/buffered/BufferedLog$Level::ERROR|Lorg/flywaydb/core/internal/logging/buffered/BufferedLog$Level;
org/flywaydb/core/internal/logging/buffered/BufferedLog$Level	$values	()[Lorg/flywaydb/core/internal/logging/buffered/BufferedLog$Level;	GET_STATIC_FIELD	org/flywaydb/core/internal/logging/buffered/BufferedLog$Level::INFO|Lorg/flywaydb/core/internal/logging/buffered/BufferedLog$Level;
org/flywaydb/core/internal/logging/buffered/BufferedLog$Level	$values	()[Lorg/flywaydb/core/internal/logging/buffered/BufferedLog$Level;	GET_STATIC_FIELD	org/flywaydb/core/internal/logging/buffered/BufferedLog$Level::NOTICE|Lorg/flywaydb/core/internal/logging/buffered/BufferedLog$Level;
org/flywaydb/core/internal/logging/buffered/BufferedLog$Level	$values	()[Lorg/flywaydb/core/internal/logging/buffered/BufferedLog$Level;	GET_STATIC_FIELD	org/flywaydb/core/internal/logging/buffered/BufferedLog$Level::WARN|Lorg/flywaydb/core/internal/logging/buffered/BufferedLog$Level;
org/flywaydb/core/internal/logging/buffered/BufferedLog$Level	<clinit>	()V	INVOKE_STATIC	org/flywaydb/core/internal/logging/buffered/BufferedLog$Level::$values()[Lorg/flywaydb/core/internal/logging/buffered/BufferedLog$Level;
org/flywaydb/core/internal/parser/TokenType	$values	()[Lorg/flywaydb/core/internal/parser/TokenType;	GET_STATIC_FIELD	org/flywaydb/core/internal/parser/TokenType::BLANK_LINES|Lorg/flywaydb/core/internal/parser/TokenType;
org/flywaydb/core/internal/parser/TokenType	$values	()[Lorg/flywaydb/core/internal/parser/TokenType;	GET_STATIC_FIELD	org/flywaydb/core/internal/parser/TokenType::COMMENT|Lorg/flywaydb/core/internal/parser/TokenType;
org/flywaydb/core/internal/parser/TokenType	$values	()[Lorg/flywaydb/core/internal/parser/TokenType;	GET_STATIC_FIELD	org/flywaydb/core/internal/parser/TokenType::COPY_DATA|Lorg/flywaydb/core/internal/parser/TokenType;
org/flywaydb/core/internal/parser/TokenType	$values	()[Lorg/flywaydb/core/internal/parser/TokenType;	GET_STATIC_FIELD	org/flywaydb/core/internal/parser/TokenType::DELIMITER|Lorg/flywaydb/core/internal/parser/TokenType;
org/flywaydb/core/internal/parser/TokenType	$values	()[Lorg/flywaydb/core/internal/parser/TokenType;	GET_STATIC_FIELD	org/flywaydb/core/internal/parser/TokenType::EOF|Lorg/flywaydb/core/internal/parser/TokenType;
org/flywaydb/core/internal/parser/TokenType	$values	()[Lorg/flywaydb/core/internal/parser/TokenType;	GET_STATIC_FIELD	org/flywaydb/core/internal/parser/TokenType::IDENTIFIER|Lorg/flywaydb/core/internal/parser/TokenType;
org/flywaydb/core/internal/parser/TokenType	$values	()[Lorg/flywaydb/core/internal/parser/TokenType;	GET_STATIC_FIELD	org/flywaydb/core/internal/parser/TokenType::KEYWORD|Lorg/flywaydb/core/internal/parser/TokenType;
org/flywaydb/core/internal/parser/TokenType	$values	()[Lorg/flywaydb/core/internal/parser/TokenType;	GET_STATIC_FIELD	org/flywaydb/core/internal/parser/TokenType::MULTI_LINE_COMMENT_DIRECTIVE|Lorg/flywaydb/core/internal/parser/TokenType;
org/flywaydb/core/internal/parser/TokenType	$values	()[Lorg/flywaydb/core/internal/parser/TokenType;	GET_STATIC_FIELD	org/flywaydb/core/internal/parser/TokenType::NEW_DELIMITER|Lorg/flywaydb/core/internal/parser/TokenType;
org/flywaydb/core/internal/parser/TokenType	$values	()[Lorg/flywaydb/core/internal/parser/TokenType;	GET_STATIC_FIELD	org/flywaydb/core/internal/parser/TokenType::NUMERIC|Lorg/flywaydb/core/internal/parser/TokenType;
org/flywaydb/core/internal/parser/TokenType	$values	()[Lorg/flywaydb/core/internal/parser/TokenType;	GET_STATIC_FIELD	org/flywaydb/core/internal/parser/TokenType::PARENS_CLOSE|Lorg/flywaydb/core/internal/parser/TokenType;
org/flywaydb/core/internal/parser/TokenType	$values	()[Lorg/flywaydb/core/internal/parser/TokenType;	GET_STATIC_FIELD	org/flywaydb/core/internal/parser/TokenType::PARENS_OPEN|Lorg/flywaydb/core/internal/parser/TokenType;
org/flywaydb/core/internal/parser/TokenType	$values	()[Lorg/flywaydb/core/internal/parser/TokenType;	GET_STATIC_FIELD	org/flywaydb/core/internal/parser/TokenType::STRING|Lorg/flywaydb/core/internal/parser/TokenType;
org/flywaydb/core/internal/parser/TokenType	$values	()[Lorg/flywaydb/core/internal/parser/TokenType;	GET_STATIC_FIELD	org/flywaydb/core/internal/parser/TokenType::SYMBOL|Lorg/flywaydb/core/internal/parser/TokenType;
org/flywaydb/core/internal/parser/TokenType	<clinit>	()V	INVOKE_STATIC	org/flywaydb/core/internal/parser/TokenType::$values()[Lorg/flywaydb/core/internal/parser/TokenType;
org/flywaydb/core/internal/plugin/PluginRegister	getLicensedPlugins	(Ljava/lang/Class;Lorg/flywaydb/core/api/configuration/Configuration;)Ljava/util/List;	INVOKE_STATIC	java/util/Objects::requireNonNull(Ljava/lang/Object;)Ljava/lang/Object;
org/flywaydb/core/internal/plugin/PluginRegister	getPlugins	(Ljava/lang/Class;)Ljava/util/List;	INVOKE_STATIC	java/util/Objects::requireNonNull(Ljava/lang/Object;)Ljava/lang/Object;
org/flywaydb/core/internal/resource/CoreResourceTypeProvider$CoreResourceType	$values	()[Lorg/flywaydb/core/internal/resource/CoreResourceTypeProvider$CoreResourceType;	GET_STATIC_FIELD	org/flywaydb/core/internal/resource/CoreResourceTypeProvider$CoreResourceType::CALLBACK|Lorg/flywaydb/core/internal/resource/CoreResourceTypeProvider$CoreResourceType;
org/flywaydb/core/internal/resource/CoreResourceTypeProvider$CoreResourceType	$values	()[Lorg/flywaydb/core/internal/resource/CoreResourceTypeProvider$CoreResourceType;	GET_STATIC_FIELD	org/flywaydb/core/internal/resource/CoreResourceTypeProvider$CoreResourceType::MIGRATION|Lorg/flywaydb/core/internal/resource/CoreResourceTypeProvider$CoreResourceType;
org/flywaydb/core/internal/resource/CoreResourceTypeProvider$CoreResourceType	$values	()[Lorg/flywaydb/core/internal/resource/CoreResourceTypeProvider$CoreResourceType;	GET_STATIC_FIELD	org/flywaydb/core/internal/resource/CoreResourceTypeProvider$CoreResourceType::REPEATABLE_MIGRATION|Lorg/flywaydb/core/internal/resource/CoreResourceTypeProvider$CoreResourceType;
org/flywaydb/core/internal/resource/CoreResourceTypeProvider$CoreResourceType	<clinit>	()V	INVOKE_STATIC	org/flywaydb/core/internal/resource/CoreResourceTypeProvider$CoreResourceType::$values()[Lorg/flywaydb/core/internal/resource/CoreResourceTypeProvider$CoreResourceType;
org/flywaydb/core/internal/resource/NoopResourceProvider	$values	()[Lorg/flywaydb/core/internal/resource/NoopResourceProvider;	GET_STATIC_FIELD	org/flywaydb/core/internal/resource/NoopResourceProvider::INSTANCE|Lorg/flywaydb/core/internal/resource/NoopResourceProvider;
org/flywaydb/core/internal/resource/NoopResourceProvider	<clinit>	()V	INVOKE_STATIC	org/flywaydb/core/internal/resource/NoopResourceProvider::$values()[Lorg/flywaydb/core/internal/resource/NoopResourceProvider;
org/flywaydb/core/internal/scanner/filesystem/FileSystemScanner$DirectoryValidationResult	$values	()[Lorg/flywaydb/core/internal/scanner/filesystem/FileSystemScanner$DirectoryValidationResult;	GET_STATIC_FIELD	org/flywaydb/core/internal/scanner/filesystem/FileSystemScanner$DirectoryValidationResult::NOT_A_DIRECTORY|Lorg/flywaydb/core/internal/scanner/filesystem/FileSystemScanner$DirectoryValidationResult;
org/flywaydb/core/internal/scanner/filesystem/FileSystemScanner$DirectoryValidationResult	$values	()[Lorg/flywaydb/core/internal/scanner/filesystem/FileSystemScanner$DirectoryValidationResult;	GET_STATIC_FIELD	org/flywaydb/core/internal/scanner/filesystem/FileSystemScanner$DirectoryValidationResult::NOT_FOUND|Lorg/flywaydb/core/internal/scanner/filesystem/FileSystemScanner$DirectoryValidationResult;
org/flywaydb/core/internal/scanner/filesystem/FileSystemScanner$DirectoryValidationResult	$values	()[Lorg/flywaydb/core/internal/scanner/filesystem/FileSystemScanner$DirectoryValidationResult;	GET_STATIC_FIELD	org/flywaydb/core/internal/scanner/filesystem/FileSystemScanner$DirectoryValidationResult::NOT_READABLE|Lorg/flywaydb/core/internal/scanner/filesystem/FileSystemScanner$DirectoryValidationResult;
org/flywaydb/core/internal/scanner/filesystem/FileSystemScanner$DirectoryValidationResult	$values	()[Lorg/flywaydb/core/internal/scanner/filesystem/FileSystemScanner$DirectoryValidationResult;	GET_STATIC_FIELD	org/flywaydb/core/internal/scanner/filesystem/FileSystemScanner$DirectoryValidationResult::UNABLE_TO_ACCESS_FOLDER|Lorg/flywaydb/core/internal/scanner/filesystem/FileSystemScanner$DirectoryValidationResult;
org/flywaydb/core/internal/scanner/filesystem/FileSystemScanner$DirectoryValidationResult	$values	()[Lorg/flywaydb/core/internal/scanner/filesystem/FileSystemScanner$DirectoryValidationResult;	GET_STATIC_FIELD	org/flywaydb/core/internal/scanner/filesystem/FileSystemScanner$DirectoryValidationResult::VALID|Lorg/flywaydb/core/internal/scanner/filesystem/FileSystemScanner$DirectoryValidationResult;
org/flywaydb/core/internal/scanner/filesystem/FileSystemScanner$DirectoryValidationResult	<clinit>	()V	INVOKE_STATIC	org/flywaydb/core/internal/scanner/filesystem/FileSystemScanner$DirectoryValidationResult::$values()[Lorg/flywaydb/core/internal/scanner/filesystem/FileSystemScanner$DirectoryValidationResult;
org/flywaydb/core/internal/schemahistory/JdbcTableSchemaHistory	lambda$refreshCache$0	(Ljava/lang/String;Lorg/flywaydb/core/extensibility/AppliedMigration;)Z	INVOKE_STATIC	org/flywaydb/core/extensibility/AppliedMigration::handlesType(Ljava/lang/String;)Z
org/flywaydb/core/internal/util/DataUnits	$values	()[Lorg/flywaydb/core/internal/util/DataUnits;	GET_STATIC_FIELD	org/flywaydb/core/internal/util/DataUnits::BYTE|Lorg/flywaydb/core/internal/util/DataUnits;
org/flywaydb/core/internal/util/DataUnits	$values	()[Lorg/flywaydb/core/internal/util/DataUnits;	GET_STATIC_FIELD	org/flywaydb/core/internal/util/DataUnits::GIGABYTE|Lorg/flywaydb/core/internal/util/DataUnits;
org/flywaydb/core/internal/util/DataUnits	$values	()[Lorg/flywaydb/core/internal/util/DataUnits;	GET_STATIC_FIELD	org/flywaydb/core/internal/util/DataUnits::KILOBYTE|Lorg/flywaydb/core/internal/util/DataUnits;
org/flywaydb/core/internal/util/DataUnits	$values	()[Lorg/flywaydb/core/internal/util/DataUnits;	GET_STATIC_FIELD	org/flywaydb/core/internal/util/DataUnits::MEGABYTE|Lorg/flywaydb/core/internal/util/DataUnits;
org/flywaydb/core/internal/util/DataUnits	<clinit>	()V	INVOKE_STATIC	org/flywaydb/core/internal/util/DataUnits::$values()[Lorg/flywaydb/core/internal/util/DataUnits;
