com/lmax/disruptor/EventPoller$PollState	$values	()[Lcom/lmax/disruptor/EventPoller$PollState;	GET_STATIC_FIELD	com/lmax/disruptor/EventPoller$PollState::GATING|Lcom/lmax/disruptor/EventPoller$PollState;
com/lmax/disruptor/EventPoller$PollState	$values	()[Lcom/lmax/disruptor/EventPoller$PollState;	GET_STATIC_FIELD	com/lmax/disruptor/EventPoller$PollState::IDLE|Lcom/lmax/disruptor/EventPoller$PollState;
com/lmax/disruptor/EventPoller$PollState	$values	()[Lcom/lmax/disruptor/EventPoller$PollState;	GET_STATIC_FIELD	com/lmax/disruptor/EventPoller$PollState::PROCESSING|Lcom/lmax/disruptor/EventPoller$PollState;
com/lmax/disruptor/EventPoller$PollState	<clinit>	()V	INVOKE_STATIC	com/lmax/disruptor/EventPoller$PollState::$values()[Lcom/lmax/disruptor/EventPoller$PollState;
com/lmax/disruptor/RewindAction	$values	()[Lcom/lmax/disruptor/RewindAction;	GET_STATIC_FIELD	com/lmax/disruptor/RewindAction::REWIND|Lcom/lmax/disruptor/RewindAction;
com/lmax/disruptor/RewindAction	$values	()[Lcom/lmax/disruptor/RewindAction;	GET_STATIC_FIELD	com/lmax/disruptor/RewindAction::THROW|Lcom/lmax/disruptor/RewindAction;
com/lmax/disruptor/RewindAction	<clinit>	()V	INVOKE_STATIC	com/lmax/disruptor/RewindAction::$values()[Lcom/lmax/disruptor/RewindAction;
com/lmax/disruptor/dsl/ProducerType	$values	()[Lcom/lmax/disruptor/dsl/ProducerType;	GET_STATIC_FIELD	com/lmax/disruptor/dsl/ProducerType::MULTI|Lcom/lmax/disruptor/dsl/ProducerType;
com/lmax/disruptor/dsl/ProducerType	$values	()[Lcom/lmax/disruptor/dsl/ProducerType;	GET_STATIC_FIELD	com/lmax/disruptor/dsl/ProducerType::SINGLE|Lcom/lmax/disruptor/dsl/ProducerType;
com/lmax/disruptor/dsl/ProducerType	<clinit>	()V	INVOKE_STATIC	com/lmax/disruptor/dsl/ProducerType::$values()[Lcom/lmax/disruptor/dsl/ProducerType;
com/lmax/disruptor/util/DaemonThreadFactory	$values	()[Lcom/lmax/disruptor/util/DaemonThreadFactory;	GET_STATIC_FIELD	com/lmax/disruptor/util/DaemonThreadFactory::INSTANCE|Lcom/lmax/disruptor/util/DaemonThreadFactory;
com/lmax/disruptor/util/DaemonThreadFactory	<clinit>	()V	INVOKE_STATIC	com/lmax/disruptor/util/DaemonThreadFactory::$values()[Lcom/lmax/disruptor/util/DaemonThreadFactory;
