mvnc	commons-io	commons-io	2.15.0	org.apache.commons.io.input.Tailer_ESTest	org/apache/commons/io	org/apache/commons/io/ThreadUtils	getNanosOfMilli	(Ljava/time/Duration;)I
mvnc	commons-io	commons-io	2.15.0	org.apache.commons.io.input.Tailer_ESTest	org/apache/commons/io	org/apache/commons/io/ThreadUtils	sleep	(Ljava/time/Duration;)V
mvnc	commons-io	commons-io	2.15.0	org.apache.commons.io.input.Tailer_ESTest	org/apache/commons/io	org/apache/commons/io/Charsets	toCharset	(Ljava/nio/charset/Charset;Ljava/nio/charset/Charset;)Ljava/nio/charset/Charset;
mvnc	commons-io	commons-io	2.15.0	org.apache.commons.io.input.Tailer_ESTest	org/apache/commons/io	org/apache/commons/io/Charsets	<clinit>	()V
mvnc	commons-io	commons-io	2.15.0	org.apache.commons.io.input.Tailer_ESTest	org/apache/commons/io	org/apache/commons/io/StandardLineSeparator	<init>	(Ljava/lang/String;ILjava/lang/String;)V
mvnc	commons-io	commons-io	2.15.0	org.apache.commons.io.input.Tailer_ESTest	org/apache/commons/io	org/apache/commons/io/StandardLineSeparator	getString	()Ljava/lang/String;
mvnc	commons-io	commons-io	2.15.0	org.apache.commons.io.input.Tailer_ESTest	org/apache/commons/io	org/apache/commons/io/StandardLineSeparator	<clinit>	()V
mvnc	commons-io	commons-io	2.15.0	org.apache.commons.io.input.Tailer_ESTest	org/apache/commons/io	org/apache/commons/io/IOUtils	byteArray	()[B
mvnc	commons-io	commons-io	2.15.0	org.apache.commons.io.input.Tailer_ESTest	org/apache/commons/io	org/apache/commons/io/IOUtils	byteArray	(I)[B
mvnc	commons-io	commons-io	2.15.0	org.apache.commons.io.input.Tailer_ESTest	org/apache/commons/io	org/apache/commons/io/IOUtils	charArray	()[C
mvnc	commons-io	commons-io	2.15.0	org.apache.commons.io.input.Tailer_ESTest	org/apache/commons/io	org/apache/commons/io/IOUtils	charArray	(I)[C
mvnc	commons-io	commons-io	2.15.0	org.apache.commons.io.input.Tailer_ESTest	org/apache/commons/io	org/apache/commons/io/IOUtils	close	(Ljava/io/Closeable;)V
mvnc	commons-io	commons-io	2.15.0	org.apache.commons.io.input.Tailer_ESTest	org/apache/commons/io	org/apache/commons/io/IOUtils	<clinit>	()V
mvnc	commons-io	commons-io	2.15.0	org.apache.commons.io.input.Tailer_ESTest	org/apache/commons/io/build	org/apache/commons/io/build/AbstractSupplier	<init>	()V
mvnc	commons-io	commons-io	2.15.0	org.apache.commons.io.input.Tailer_ESTest	org/apache/commons/io/build	org/apache/commons/io/build/AbstractSupplier	asThis	()Lorg/apache/commons/io/build/AbstractSupplier;
mvnc	commons-io	commons-io	2.15.0	org.apache.commons.io.input.Tailer_ESTest	org/apache/commons/io/build	org/apache/commons/io/build/AbstractOrigin$FileOrigin	<init>	(Ljava/io/File;)V
mvnc	commons-io	commons-io	2.15.0	org.apache.commons.io.input.Tailer_ESTest	org/apache/commons/io/build	org/apache/commons/io/build/AbstractOrigin$FileOrigin	getPath	()Ljava/nio/file/Path;
mvnc	commons-io	commons-io	2.15.0	org.apache.commons.io.input.Tailer_ESTest	org/apache/commons/io/build	org/apache/commons/io/build/AbstractOriginSupplier	<init>	()V
mvnc	commons-io	commons-io	2.15.0	org.apache.commons.io.input.Tailer_ESTest	org/apache/commons/io/build	org/apache/commons/io/build/AbstractOriginSupplier	newFileOrigin	(Ljava/io/File;)Lorg/apache/commons/io/build/AbstractOrigin$FileOrigin;
mvnc	commons-io	commons-io	2.15.0	org.apache.commons.io.input.Tailer_ESTest	org/apache/commons/io/build	org/apache/commons/io/build/AbstractOriginSupplier	setFile	(Ljava/io/File;)Lorg/apache/commons/io/build/AbstractOriginSupplier;
mvnc	commons-io	commons-io	2.15.0	org.apache.commons.io.input.Tailer_ESTest	org/apache/commons/io/build	org/apache/commons/io/build/AbstractOriginSupplier	setOrigin	(Lorg/apache/commons/io/build/AbstractOrigin;)Lorg/apache/commons/io/build/AbstractOriginSupplier;
mvnc	commons-io	commons-io	2.15.0	org.apache.commons.io.input.Tailer_ESTest	org/apache/commons/io/build	org/apache/commons/io/build/AbstractStreamBuilder	<init>	()V
mvnc	commons-io	commons-io	2.15.0	org.apache.commons.io.input.Tailer_ESTest	org/apache/commons/io/build	org/apache/commons/io/build/AbstractStreamBuilder	checkBufferSize	(I)I
mvnc	commons-io	commons-io	2.15.0	org.apache.commons.io.input.Tailer_ESTest	org/apache/commons/io/build	org/apache/commons/io/build/AbstractStreamBuilder	getBufferSize	()I
mvnc	commons-io	commons-io	2.15.0	org.apache.commons.io.input.Tailer_ESTest	org/apache/commons/io/build	org/apache/commons/io/build/AbstractStreamBuilder	getCharset	()Ljava/nio/charset/Charset;
mvnc	commons-io	commons-io	2.15.0	org.apache.commons.io.input.Tailer_ESTest	org/apache/commons/io/build	org/apache/commons/io/build/AbstractStreamBuilder	setBufferSize	(I)Lorg/apache/commons/io/build/AbstractStreamBuilder;
mvnc	commons-io	commons-io	2.15.0	org.apache.commons.io.input.Tailer_ESTest	org/apache/commons/io/build	org/apache/commons/io/build/AbstractStreamBuilder	setCharset	(Ljava/nio/charset/Charset;)Lorg/apache/commons/io/build/AbstractStreamBuilder;
mvnc	commons-io	commons-io	2.15.0	org.apache.commons.io.input.Tailer_ESTest	org/apache/commons/io/build	org/apache/commons/io/build/AbstractStreamBuilder	lambda$new$0	(I)I
mvnc	commons-io	commons-io	2.15.0	org.apache.commons.io.input.Tailer_ESTest	org/apache/commons/io/build	org/apache/commons/io/build/AbstractStreamBuilder	<clinit>	()V
mvnc	commons-io	commons-io	2.15.0	org.apache.commons.io.input.Tailer_ESTest	org/apache/commons/io/build	org/apache/commons/io/build/AbstractOrigin	<init>	(Ljava/lang/Object;)V
mvnc	commons-io	commons-io	2.15.0	org.apache.commons.io.input.Tailer_ESTest	org/apache/commons/io/build	org/apache/commons/io/build/AbstractOrigin	get	()Ljava/lang/Object;
mvnc	commons-io	commons-io	2.15.0	org.apache.commons.io.input.Tailer_ESTest	org/apache/commons/io/input	org/apache/commons/io/input/Tailer$TailablePath	<init>	(Ljava/nio/file/Path;[Ljava/nio/file/LinkOption;)V
mvnc	commons-io	commons-io	2.15.0	org.apache.commons.io.input.Tailer_ESTest	org/apache/commons/io/input	org/apache/commons/io/input/Tailer$TailablePath	getPath	()Ljava/nio/file/Path;
mvnc	commons-io	commons-io	2.15.0	org.apache.commons.io.input.Tailer_ESTest	org/apache/commons/io/input	org/apache/commons/io/input/Tailer$TailablePath	getRandomAccess	(Ljava/lang/String;)Lorg/apache/commons/io/input/Tailer$RandomAccessResourceBridge;
mvnc	commons-io	commons-io	2.15.0	org.apache.commons.io.input.Tailer_ESTest	org/apache/commons/io/input	org/apache/commons/io/input/Tailer$Builder	<init>	()V
mvnc	commons-io	commons-io	2.15.0	org.apache.commons.io.input.Tailer_ESTest	org/apache/commons/io/input	org/apache/commons/io/input/Tailer$Builder	newDaemonThread	(Ljava/lang/Runnable;)Ljava/lang/Thread;
mvnc	commons-io	commons-io	2.15.0	org.apache.commons.io.input.Tailer_ESTest	org/apache/commons/io/input	org/apache/commons/io/input/Tailer$Builder	get	()Lorg/apache/commons/io/input/Tailer;
mvnc	commons-io	commons-io	2.15.0	org.apache.commons.io.input.Tailer_ESTest	org/apache/commons/io/input	org/apache/commons/io/input/Tailer$Builder	setDelayDuration	(Ljava/time/Duration;)Lorg/apache/commons/io/input/Tailer$Builder;
mvnc	commons-io	commons-io	2.15.0	org.apache.commons.io.input.Tailer_ESTest	org/apache/commons/io/input	org/apache/commons/io/input/Tailer$Builder	setExecutorService	(Ljava/util/concurrent/ExecutorService;)Lorg/apache/commons/io/input/Tailer$Builder;
mvnc	commons-io	commons-io	2.15.0	org.apache.commons.io.input.Tailer_ESTest	org/apache/commons/io/input	org/apache/commons/io/input/Tailer$Builder	setOrigin	(Lorg/apache/commons/io/build/AbstractOrigin;)Lorg/apache/commons/io/input/Tailer$Builder;
mvnc	commons-io	commons-io	2.15.0	org.apache.commons.io.input.Tailer_ESTest	org/apache/commons/io/input	org/apache/commons/io/input/Tailer$Builder	setReOpen	(Z)Lorg/apache/commons/io/input/Tailer$Builder;
mvnc	commons-io	commons-io	2.15.0	org.apache.commons.io.input.Tailer_ESTest	org/apache/commons/io/input	org/apache/commons/io/input/Tailer$Builder	setStartThread	(Z)Lorg/apache/commons/io/input/Tailer$Builder;
mvnc	commons-io	commons-io	2.15.0	org.apache.commons.io.input.Tailer_ESTest	org/apache/commons/io/input	org/apache/commons/io/input/Tailer$Builder	setTailable	(Lorg/apache/commons/io/input/Tailer$Tailable;)Lorg/apache/commons/io/input/Tailer$Builder;
mvnc	commons-io	commons-io	2.15.0	org.apache.commons.io.input.Tailer_ESTest	org/apache/commons/io/input	org/apache/commons/io/input/Tailer$Builder	setTailerListener	(Lorg/apache/commons/io/input/TailerListener;)Lorg/apache/commons/io/input/Tailer$Builder;
mvnc	commons-io	commons-io	2.15.0	org.apache.commons.io.input.Tailer_ESTest	org/apache/commons/io/input	org/apache/commons/io/input/Tailer$Builder	setTailFromEnd	(Z)Lorg/apache/commons/io/input/Tailer$Builder;
mvnc	commons-io	commons-io	2.15.0	org.apache.commons.io.input.Tailer_ESTest	org/apache/commons/io/input	org/apache/commons/io/input/Tailer$Builder	<clinit>	()V
mvnc	commons-io	commons-io	2.15.0	org.apache.commons.io.input.Tailer_ESTest	org/apache/commons/io/input	org/apache/commons/io/input/Tailer$RandomAccessFileBridge	<init>	(Ljava/io/File;Ljava/lang/String;)V
mvnc	commons-io	commons-io	2.15.0	org.apache.commons.io.input.Tailer_ESTest	org/apache/commons/io/input	org/apache/commons/io/input/Tailer$RandomAccessFileBridge	close	()V
mvnc	commons-io	commons-io	2.15.0	org.apache.commons.io.input.Tailer_ESTest	org/apache/commons/io/input	org/apache/commons/io/input/Tailer	builder	()Lorg/apache/commons/io/input/Tailer$Builder;
mvnc	commons-io	commons-io	2.15.0	org.apache.commons.io.input.Tailer_ESTest	org/apache/commons/io/input	org/apache/commons/io/input/Tailer	create	(Ljava/io/File;Ljava/nio/charset/Charset;Lorg/apache/commons/io/input/TailerListener;JZZI)Lorg/apache/commons/io/input/Tailer;
mvnc	commons-io	commons-io	2.15.0	org.apache.commons.io.input.Tailer_ESTest	org/apache/commons/io/input	org/apache/commons/io/input/Tailer	create	(Ljava/io/File;Lorg/apache/commons/io/input/TailerListener;)Lorg/apache/commons/io/input/Tailer;
mvnc	commons-io	commons-io	2.15.0	org.apache.commons.io.input.Tailer_ESTest	org/apache/commons/io/input	org/apache/commons/io/input/Tailer	create	(Ljava/io/File;Lorg/apache/commons/io/input/TailerListener;J)Lorg/apache/commons/io/input/Tailer;
mvnc	commons-io	commons-io	2.15.0	org.apache.commons.io.input.Tailer_ESTest	org/apache/commons/io/input	org/apache/commons/io/input/Tailer	create	(Ljava/io/File;Lorg/apache/commons/io/input/TailerListener;JZ)Lorg/apache/commons/io/input/Tailer;
mvnc	commons-io	commons-io	2.15.0	org.apache.commons.io.input.Tailer_ESTest	org/apache/commons/io/input	org/apache/commons/io/input/Tailer	create	(Ljava/io/File;Lorg/apache/commons/io/input/TailerListener;JZZ)Lorg/apache/commons/io/input/Tailer;
mvnc	commons-io	commons-io	2.15.0	org.apache.commons.io.input.Tailer_ESTest	org/apache/commons/io/input	org/apache/commons/io/input/Tailer	create	(Ljava/io/File;Lorg/apache/commons/io/input/TailerListener;JZZI)Lorg/apache/commons/io/input/Tailer;
mvnc	commons-io	commons-io	2.15.0	org.apache.commons.io.input.Tailer_ESTest	org/apache/commons/io/input	org/apache/commons/io/input/Tailer	create	(Ljava/io/File;Lorg/apache/commons/io/input/TailerListener;JZI)Lorg/apache/commons/io/input/Tailer;
mvnc	commons-io	commons-io	2.15.0	org.apache.commons.io.input.Tailer_ESTest	org/apache/commons/io/input	org/apache/commons/io/input/Tailer	<init>	(Ljava/io/File;Ljava/nio/charset/Charset;Lorg/apache/commons/io/input/TailerListener;JZZI)V
mvnc	commons-io	commons-io	2.15.0	org.apache.commons.io.input.Tailer_ESTest	org/apache/commons/io/input	org/apache/commons/io/input/Tailer	<init>	(Ljava/io/File;Lorg/apache/commons/io/input/TailerListener;)V
mvnc	commons-io	commons-io	2.15.0	org.apache.commons.io.input.Tailer_ESTest	org/apache/commons/io/input	org/apache/commons/io/input/Tailer	<init>	(Ljava/io/File;Lorg/apache/commons/io/input/TailerListener;J)V
mvnc	commons-io	commons-io	2.15.0	org.apache.commons.io.input.Tailer_ESTest	org/apache/commons/io/input	org/apache/commons/io/input/Tailer	<init>	(Ljava/io/File;Lorg/apache/commons/io/input/TailerListener;JZ)V
mvnc	commons-io	commons-io	2.15.0	org.apache.commons.io.input.Tailer_ESTest	org/apache/commons/io/input	org/apache/commons/io/input/Tailer	<init>	(Ljava/io/File;Lorg/apache/commons/io/input/TailerListener;JZZ)V
mvnc	commons-io	commons-io	2.15.0	org.apache.commons.io.input.Tailer_ESTest	org/apache/commons/io/input	org/apache/commons/io/input/Tailer	<init>	(Ljava/io/File;Lorg/apache/commons/io/input/TailerListener;JZZI)V
mvnc	commons-io	commons-io	2.15.0	org.apache.commons.io.input.Tailer_ESTest	org/apache/commons/io/input	org/apache/commons/io/input/Tailer	<init>	(Ljava/io/File;Lorg/apache/commons/io/input/TailerListener;JZI)V
mvnc	commons-io	commons-io	2.15.0	org.apache.commons.io.input.Tailer_ESTest	org/apache/commons/io/input	org/apache/commons/io/input/Tailer	<init>	(Lorg/apache/commons/io/input/Tailer$Tailable;Ljava/nio/charset/Charset;Lorg/apache/commons/io/input/TailerListener;Ljava/time/Duration;ZZI)V
mvnc	commons-io	commons-io	2.15.0	org.apache.commons.io.input.Tailer_ESTest	org/apache/commons/io/input	org/apache/commons/io/input/Tailer	close	()V
mvnc	commons-io	commons-io	2.15.0	org.apache.commons.io.input.Tailer_ESTest	org/apache/commons/io/input	org/apache/commons/io/input/Tailer	getDelay	()J
mvnc	commons-io	commons-io	2.15.0	org.apache.commons.io.input.Tailer_ESTest	org/apache/commons/io/input	org/apache/commons/io/input/Tailer	getDelayDuration	()Ljava/time/Duration;
mvnc	commons-io	commons-io	2.15.0	org.apache.commons.io.input.Tailer_ESTest	org/apache/commons/io/input	org/apache/commons/io/input/Tailer	getFile	()Ljava/io/File;
mvnc	commons-io	commons-io	2.15.0	org.apache.commons.io.input.Tailer_ESTest	org/apache/commons/io/input	org/apache/commons/io/input/Tailer	getRun	()Z
mvnc	commons-io	commons-io	2.15.0	org.apache.commons.io.input.Tailer_ESTest	org/apache/commons/io/input	org/apache/commons/io/input/Tailer	getTailable	()Lorg/apache/commons/io/input/Tailer$Tailable;
mvnc	commons-io	commons-io	2.15.0	org.apache.commons.io.input.Tailer_ESTest	org/apache/commons/io/input	org/apache/commons/io/input/Tailer	run	()V
mvnc	commons-io	commons-io	2.15.0	org.apache.commons.io.input.Tailer_ESTest	org/apache/commons/io/input	org/apache/commons/io/input/Tailer	stop	()V
mvnc	commons-io	commons-io	2.15.0	org.apache.commons.io.input.Tailer_ESTest	org/apache/commons/io/input	org/apache/commons/io/input/Tailer	<clinit>	()V
mvnc	commons-io	commons-io	2.15.0	org.apache.commons.io.input.Tailer_ESTest	org/apache/commons/io/input	org/apache/commons/io/input/TailerListenerAdapter	<init>	()V
mvnc	commons-io	commons-io	2.15.0	org.apache.commons.io.input.Tailer_ESTest	org/apache/commons/io/input	org/apache/commons/io/input/TailerListenerAdapter	fileNotFound	()V
mvnc	commons-io	commons-io	2.15.0	org.apache.commons.io.input.Tailer_ESTest	org/apache/commons/io/input	org/apache/commons/io/input/TailerListenerAdapter	handle	(Ljava/lang/Exception;)V
mvnc	commons-io	commons-io	2.15.0	org.apache.commons.io.input.Tailer_ESTest	org/apache/commons/io/input	org/apache/commons/io/input/TailerListenerAdapter	init	(Lorg/apache/commons/io/input/Tailer;)V
mvnc	commons-io	commons-io	2.15.0	org.apache.commons.io.input.Tailer_ESTest	org/apache/commons/io/output	org/apache/commons/io/output/NullOutputStream	<init>	()V
mvnc	commons-io	commons-io	2.15.0	org.apache.commons.io.input.Tailer_ESTest	org/apache/commons/io/output	org/apache/commons/io/output/NullOutputStream	<clinit>	()V
mvnc	commons-io	commons-io	2.15.0	org.apache.commons.io.input.Tailer_ESTest	org/apache/commons/io/output	org/apache/commons/io/output/NullWriter	<init>	()V
mvnc	commons-io	commons-io	2.15.0	org.apache.commons.io.input.Tailer_ESTest	org/apache/commons/io/output	org/apache/commons/io/output/NullWriter	<clinit>	()V
mvnc	commons-io	commons-io	2.15.0	org.apache.commons.io.input.Tailer_ESTest	org/apache/commons/io/output	org/apache/commons/io/output/ThresholdingOutputStream	<clinit>	()V
mvnc	commons-io	commons-io	2.15.0	org.apache.commons.io.input.Tailer_ESTest	org/apache/commons/io/file	org/apache/commons/io/file/PathUtils	<clinit>	()V
mvnc	commons-io	commons-io	2.15.0	org.apache.commons.io.input.Tailer_ESTest	org/apache/commons/io/file/attribute	org/apache/commons/io/file/attribute/FileTimes	<clinit>	()V
