mvnc	com/google/truth	truth	1.1.3	com.google.common.truth.IterableSubject_ESTest	com/google/common/truth	com/google/common/truth/Correspondence$Equality	<clinit>	()V
mvnc	com/google/truth	truth	1.1.3	com.google.common.truth.IterableSubject_ESTest	com/google/common/truth	com/google/common/truth/Subject	<clinit>	()V
mvnc	com/google/truth	truth	1.1.3	com.google.common.truth.IterableSubject_ESTest	com/google/common/truth	com/google/common/truth/IterableSubject$ElementFactGrouping	<clinit>	()V
mvnc	com/google/truth	truth	1.1.3	com.google.common.truth.IterableSubject_ESTest	com/google/common/truth	com/google/common/truth/DoubleSubject	<clinit>	()V
mvnc	com/google/truth	truth	1.1.3	com.google.common.truth.IterableSubject_ESTest	com/google/common/truth	com/google/common/truth/IterableSubject$UsingCorrespondence	<init>	(Lcom/google/common/truth/IterableSubject;Lcom/google/common/truth/Correspondence;)V
mvnc	com/google/truth	truth	1.1.3	com.google.common.truth.IterableSubject_ESTest	com/google/common/truth	com/google/common/truth/IterableSubject$3	<init>	()V
mvnc	com/google/truth	truth	1.1.3	com.google.common.truth.IterableSubject_ESTest	com/google/common/truth	com/google/common/truth/IterableSubject$4	<init>	()V
mvnc	com/google/truth	truth	1.1.3	com.google.common.truth.IterableSubject_ESTest	com/google/common/truth	com/google/common/truth/Correspondence	<init>	()V
mvnc	com/google/truth	truth	1.1.3	com.google.common.truth.IterableSubject_ESTest	com/google/common/truth	com/google/common/truth/Subject$1	<init>	()V
mvnc	com/google/truth	truth	1.1.3	com.google.common.truth.IterableSubject_ESTest	com/google/common/truth	com/google/common/truth/Subject$2	<init>	()V
mvnc	com/google/truth	truth	1.1.3	com.google.common.truth.IterableSubject_ESTest	com/google/common/truth	com/google/common/truth/IterableSubject	<clinit>	()V
