gaoss	com/google/guava	guava	31.0.1-jre	com.google.common.base.Predicates_ESTest	com/google/common/primitives	com/google/common/primitives/Booleans	compare	(ZZ)I
gaoss	com/google/guava	guava	31.0.1-jre	com.google.common.base.Predicates_ESTest	com/google/common/collect	com/google/common/collect/Cut	<init>	(Ljava/lang/Comparable;)V
gaoss	com/google/guava	guava	31.0.1-jre	com.google.common.base.Predicates_ESTest	com/google/common/collect	com/google/common/collect/Cut	compareTo	(Lcom/google/common/collect/Cut;)I
gaoss	com/google/guava	guava	31.0.1-jre	com.google.common.base.Predicates_ESTest	com/google/common/collect	com/google/common/collect/Cut	belowAll	()Lcom/google/common/collect/Cut;
gaoss	com/google/guava	guava	31.0.1-jre	com.google.common.base.Predicates_ESTest	com/google/common/collect	com/google/common/collect/Cut	aboveAll	()Lcom/google/common/collect/Cut;
gaoss	com/google/guava	guava	31.0.1-jre	com.google.common.base.Predicates_ESTest	com/google/common/collect	com/google/common/collect/Cut	belowValue	(Ljava/lang/Comparable;)Lcom/google/common/collect/Cut;
gaoss	com/google/guava	guava	31.0.1-jre	com.google.common.base.Predicates_ESTest	com/google/common/collect	com/google/common/collect/Cut	aboveValue	(Ljava/lang/Comparable;)Lcom/google/common/collect/Cut;
gaoss	com/google/guava	guava	31.0.1-jre	com.google.common.base.Predicates_ESTest	com/google/common/collect	com/google/common/collect/BoundType	<init>	(Ljava/lang/String;IZ)V
gaoss	com/google/guava	guava	31.0.1-jre	com.google.common.base.Predicates_ESTest	com/google/common/collect	com/google/common/collect/BoundType	<clinit>	()V
gaoss	com/google/guava	guava	31.0.1-jre	com.google.common.base.Predicates_ESTest	com/google/common/collect	com/google/common/collect/Ordering	<init>	()V
gaoss	com/google/guava	guava	31.0.1-jre	com.google.common.base.Predicates_ESTest	com/google/common/collect	com/google/common/collect/Cut$AboveAll	<init>	()V
gaoss	com/google/guava	guava	31.0.1-jre	com.google.common.base.Predicates_ESTest	com/google/common/collect	com/google/common/collect/Cut$AboveAll	<clinit>	()V
gaoss	com/google/guava	guava	31.0.1-jre	com.google.common.base.Predicates_ESTest	com/google/common/collect	com/google/common/collect/Cut$AboveValue	<init>	(Ljava/lang/Comparable;)V
gaoss	com/google/guava	guava	31.0.1-jre	com.google.common.base.Predicates_ESTest	com/google/common/collect	com/google/common/collect/Cut$AboveValue	describeAsLowerBound	(Ljava/lang/StringBuilder;)V
gaoss	com/google/guava	guava	31.0.1-jre	com.google.common.base.Predicates_ESTest	com/google/common/collect	com/google/common/collect/Cut$AboveValue	describeAsUpperBound	(Ljava/lang/StringBuilder;)V
gaoss	com/google/guava	guava	31.0.1-jre	com.google.common.base.Predicates_ESTest	com/google/common/collect	com/google/common/collect/NaturalOrdering	<clinit>	()V
gaoss	com/google/guava	guava	31.0.1-jre	com.google.common.base.Predicates_ESTest	com/google/common/collect	com/google/common/collect/Range	create	(Lcom/google/common/collect/Cut;Lcom/google/common/collect/Cut;)Lcom/google/common/collect/Range;
gaoss	com/google/guava	guava	31.0.1-jre	com.google.common.base.Predicates_ESTest	com/google/common/collect	com/google/common/collect/Range	closed	(Ljava/lang/Comparable;Ljava/lang/Comparable;)Lcom/google/common/collect/Range;
gaoss	com/google/guava	guava	31.0.1-jre	com.google.common.base.Predicates_ESTest	com/google/common/collect	com/google/common/collect/Range	singleton	(Ljava/lang/Comparable;)Lcom/google/common/collect/Range;
gaoss	com/google/guava	guava	31.0.1-jre	com.google.common.base.Predicates_ESTest	com/google/common/collect	com/google/common/collect/Range	<init>	(Lcom/google/common/collect/Cut;Lcom/google/common/collect/Cut;)V
gaoss	com/google/guava	guava	31.0.1-jre	com.google.common.base.Predicates_ESTest	com/google/common/collect	com/google/common/collect/Range	toString	(Lcom/google/common/collect/Cut;Lcom/google/common/collect/Cut;)Ljava/lang/String;
gaoss	com/google/guava	guava	31.0.1-jre	com.google.common.base.Predicates_ESTest	com/google/common/collect	com/google/common/collect/Range	compareOrThrow	(Ljava/lang/Comparable;Ljava/lang/Comparable;)I
gaoss	com/google/guava	guava	31.0.1-jre	com.google.common.base.Predicates_ESTest	com/google/common/collect	com/google/common/collect/Range	<clinit>	()V
gaoss	com/google/guava	guava	31.0.1-jre	com.google.common.base.Predicates_ESTest	com/google/common/collect	com/google/common/collect/Cut$BelowAll	<init>	()V
gaoss	com/google/guava	guava	31.0.1-jre	com.google.common.base.Predicates_ESTest	com/google/common/collect	com/google/common/collect/Cut$BelowAll	compareTo	(Lcom/google/common/collect/Cut;)I
gaoss	com/google/guava	guava	31.0.1-jre	com.google.common.base.Predicates_ESTest	com/google/common/collect	com/google/common/collect/Cut$BelowAll	<clinit>	()V
gaoss	com/google/guava	guava	31.0.1-jre	com.google.common.base.Predicates_ESTest	com/google/common/collect	com/google/common/collect/RangeGwtSerializationDependencies	<init>	()V
gaoss	com/google/guava	guava	31.0.1-jre	com.google.common.base.Predicates_ESTest	com/google/common/collect	com/google/common/collect/Cut$BelowValue	<init>	(Ljava/lang/Comparable;)V
gaoss	com/google/guava	guava	31.0.1-jre	com.google.common.base.Predicates_ESTest	com/google/common/collect	com/google/common/collect/Cut$BelowValue	describeAsLowerBound	(Ljava/lang/StringBuilder;)V
gaoss	com/google/guava	guava	31.0.1-jre	com.google.common.base.Predicates_ESTest	com/google/common/collect	com/google/common/collect/Cut$BelowValue	describeAsUpperBound	(Ljava/lang/StringBuilder;)V
gaoss	com/google/guava	guava	31.0.1-jre	com.google.common.base.Predicates_ESTest	com/google/common/math	com/google/common/math/DoubleMath	<clinit>	()V
gaoss	com/google/guava	guava	31.0.1-jre	com.google.common.base.Predicates_ESTest	com/google/common/math	com/google/common/math/LongMath	<clinit>	()V
gaoss	com/google/guava	guava	31.0.1-jre	com.google.common.base.Predicates_ESTest	com/google/common/hash	com/google/common/hash/Striped64	<init>	()V
gaoss	com/google/guava	guava	31.0.1-jre	com.google.common.base.Predicates_ESTest	com/google/common/hash	com/google/common/hash/Striped64	getUnsafe	()Lsun/misc/Unsafe;
gaoss	com/google/guava	guava	31.0.1-jre	com.google.common.base.Predicates_ESTest	com/google/common/hash	com/google/common/hash/Striped64	<clinit>	()V
gaoss	com/google/guava	guava	31.0.1-jre	com.google.common.base.Predicates_ESTest	com/google/common/hash	com/google/common/hash/LongAddables	<clinit>	()V
gaoss	com/google/guava	guava	31.0.1-jre	com.google.common.base.Predicates_ESTest	com/google/common/hash	com/google/common/hash/Hashing	<clinit>	()V
gaoss	com/google/guava	guava	31.0.1-jre	com.google.common.base.Predicates_ESTest	com/google/common/hash	com/google/common/hash/Murmur3_128HashFunction	<init>	(I)V
gaoss	com/google/guava	guava	31.0.1-jre	com.google.common.base.Predicates_ESTest	com/google/common/hash	com/google/common/hash/Murmur3_128HashFunction	<clinit>	()V
gaoss	com/google/guava	guava	31.0.1-jre	com.google.common.base.Predicates_ESTest	com/google/common/hash	com/google/common/hash/LongAdder	<init>	()V
gaoss	com/google/guava	guava	31.0.1-jre	com.google.common.base.Predicates_ESTest	com/google/common/hash	com/google/common/hash/BloomFilterStrategies$1	<init>	(Ljava/lang/String;I)V
gaoss	com/google/guava	guava	31.0.1-jre	com.google.common.base.Predicates_ESTest	com/google/common/hash	com/google/common/hash/BloomFilterStrategies$2	<init>	(Ljava/lang/String;I)V
gaoss	com/google/guava	guava	31.0.1-jre	com.google.common.base.Predicates_ESTest	com/google/common/hash	com/google/common/hash/AbstractHashFunction	<init>	()V
gaoss	com/google/guava	guava	31.0.1-jre	com.google.common.base.Predicates_ESTest	com/google/common/hash	com/google/common/hash/LongAddables$1	<init>	()V
gaoss	com/google/guava	guava	31.0.1-jre	com.google.common.base.Predicates_ESTest	com/google/common/hash	com/google/common/hash/Striped64$1	<init>	()V
gaoss	com/google/guava	guava	31.0.1-jre	com.google.common.base.Predicates_ESTest	com/google/common/hash	com/google/common/hash/Striped64$1	run	()Lsun/misc/Unsafe;
gaoss	com/google/guava	guava	31.0.1-jre	com.google.common.base.Predicates_ESTest	com/google/common/hash	com/google/common/hash/HashCode	<clinit>	()V
gaoss	com/google/guava	guava	31.0.1-jre	com.google.common.base.Predicates_ESTest	com/google/common/hash	com/google/common/hash/BloomFilterStrategies	<clinit>	()V
gaoss	com/google/guava	guava	31.0.1-jre	com.google.common.base.Predicates_ESTest	com/google/common/base	com/google/common/base/JdkPattern	<init>	(Ljava/util/regex/Pattern;)V
gaoss	com/google/guava	guava	31.0.1-jre	com.google.common.base.Predicates_ESTest	com/google/common/base	com/google/common/base/CharMatcher$NamedFastMatcher	<init>	(Ljava/lang/String;)V
gaoss	com/google/guava	guava	31.0.1-jre	com.google.common.base.Predicates_ESTest	com/google/common/base	com/google/common/base/Predicates$IsEqualToPredicate	<init>	(Ljava/lang/Object;)V
gaoss	com/google/guava	guava	31.0.1-jre	com.google.common.base.Predicates_ESTest	com/google/common/base	com/google/common/base/Predicates$IsEqualToPredicate	apply	(Ljava/lang/Object;)Z
gaoss	com/google/guava	guava	31.0.1-jre	com.google.common.base.Predicates_ESTest	com/google/common/base	com/google/common/base/Predicates$IsEqualToPredicate	withNarrowedType	()Lcom/google/common/base/Predicate;
gaoss	com/google/guava	guava	31.0.1-jre	com.google.common.base.Predicates_ESTest	com/google/common/base	com/google/common/base/Predicates$CompositionPredicate	<init>	(Lcom/google/common/base/Predicate;Lcom/google/common/base/Function;)V
gaoss	com/google/guava	guava	31.0.1-jre	com.google.common.base.Predicates_ESTest	com/google/common/base	com/google/common/base/Predicates$CompositionPredicate	apply	(Ljava/lang/Object;)Z
gaoss	com/google/guava	guava	31.0.1-jre	com.google.common.base.Predicates_ESTest	com/google/common/base	com/google/common/base/CommonPattern	<init>	()V
gaoss	com/google/guava	guava	31.0.1-jre	com.google.common.base.Predicates_ESTest	com/google/common/base	com/google/common/base/CharMatcher	<init>	()V
gaoss	com/google/guava	guava	31.0.1-jre	com.google.common.base.Predicates_ESTest	com/google/common/base	com/google/common/base/CharMatcher$None	<init>	()V
gaoss	com/google/guava	guava	31.0.1-jre	com.google.common.base.Predicates_ESTest	com/google/common/base	com/google/common/base/CharMatcher$None	<clinit>	()V
gaoss	com/google/guava	guava	31.0.1-jre	com.google.common.base.Predicates_ESTest	com/google/common/base	com/google/common/base/Predicate	test	(Ljava/lang/Object;)Z
gaoss	com/google/guava	guava	31.0.1-jre	com.google.common.base.Predicates_ESTest	com/google/common/base	com/google/common/base/Converter$IdentityConverter	doForward	(Ljava/lang/Object;)Ljava/lang/Object;
gaoss	com/google/guava	guava	31.0.1-jre	com.google.common.base.Predicates_ESTest	com/google/common/base	com/google/common/base/Converter$IdentityConverter	<clinit>	()V
gaoss	com/google/guava	guava	31.0.1-jre	com.google.common.base.Predicates_ESTest	com/google/common/base	com/google/common/base/Predicates$ContainsPatternFromStringPredicate	<init>	(Ljava/lang/String;)V
gaoss	com/google/guava	guava	31.0.1-jre	com.google.common.base.Predicates_ESTest	com/google/common/base	com/google/common/base/Predicates$InPredicate	<init>	(Ljava/util/Collection;)V
gaoss	com/google/guava	guava	31.0.1-jre	com.google.common.base.Predicates_ESTest	com/google/common/base	com/google/common/base/Predicates$InPredicate	apply	(Ljava/lang/Object;)Z
gaoss	com/google/guava	guava	31.0.1-jre	com.google.common.base.Predicates_ESTest	com/google/common/base	com/google/common/base/Predicates$InPredicate	equals	(Ljava/lang/Object;)Z
gaoss	com/google/guava	guava	31.0.1-jre	com.google.common.base.Predicates_ESTest	com/google/common/base	com/google/common/base/Predicates$InPredicate	hashCode	()I
gaoss	com/google/guava	guava	31.0.1-jre	com.google.common.base.Predicates_ESTest	com/google/common/base	com/google/common/base/Predicates$SubtypeOfPredicate	<init>	(Ljava/lang/Class;)V
gaoss	com/google/guava	guava	31.0.1-jre	com.google.common.base.Predicates_ESTest	com/google/common/base	com/google/common/base/Platform$JdkPatternCompiler	compile	(Ljava/lang/String;)Lcom/google/common/base/CommonPattern;
gaoss	com/google/guava	guava	31.0.1-jre	com.google.common.base.Predicates_ESTest	com/google/common/base	com/google/common/base/Preconditions	checkNotNull	(Ljava/lang/Object;)Ljava/lang/Object;
gaoss	com/google/guava	guava	31.0.1-jre	com.google.common.base.Predicates_ESTest	com/google/common/base	com/google/common/base/Predicates$ContainsPatternPredicate	<init>	(Lcom/google/common/base/CommonPattern;)V
gaoss	com/google/guava	guava	31.0.1-jre	com.google.common.base.Predicates_ESTest	com/google/common/base	com/google/common/base/Predicates$AndPredicate	<init>	(Ljava/util/List;)V
gaoss	com/google/guava	guava	31.0.1-jre	com.google.common.base.Predicates_ESTest	com/google/common/base	com/google/common/base/Predicates$AndPredicate	apply	(Ljava/lang/Object;)Z
gaoss	com/google/guava	guava	31.0.1-jre	com.google.common.base.Predicates_ESTest	com/google/common/base	com/google/common/base/Predicates$AndPredicate	equals	(Ljava/lang/Object;)Z
gaoss	com/google/guava	guava	31.0.1-jre	com.google.common.base.Predicates_ESTest	com/google/common/base	com/google/common/base/CharMatcher$Ascii	<init>	()V
gaoss	com/google/guava	guava	31.0.1-jre	com.google.common.base.Predicates_ESTest	com/google/common/base	com/google/common/base/CharMatcher$Ascii	<clinit>	()V
gaoss	com/google/guava	guava	31.0.1-jre	com.google.common.base.Predicates_ESTest	com/google/common/base	com/google/common/base/Predicates$ObjectPredicate	withNarrowedType	()Lcom/google/common/base/Predicate;
gaoss	com/google/guava	guava	31.0.1-jre	com.google.common.base.Predicates_ESTest	com/google/common/base	com/google/common/base/Predicates$ObjectPredicate	<clinit>	()V
gaoss	com/google/guava	guava	31.0.1-jre	com.google.common.base.Predicates_ESTest	com/google/common/base	com/google/common/base/CharMatcher$FastMatcher	<init>	()V
gaoss	com/google/guava	guava	31.0.1-jre	com.google.common.base.Predicates_ESTest	com/google/common/base	com/google/common/base/CharMatcher$JavaIsoControl	<init>	()V
gaoss	com/google/guava	guava	31.0.1-jre	com.google.common.base.Predicates_ESTest	com/google/common/base	com/google/common/base/CharMatcher$JavaIsoControl	<clinit>	()V
gaoss	com/google/guava	guava	31.0.1-jre	com.google.common.base.Predicates_ESTest	com/google/common/base	com/google/common/base/CharMatcher$BreakingWhitespace	<clinit>	()V
gaoss	com/google/guava	guava	31.0.1-jre	com.google.common.base.Predicates_ESTest	com/google/common/base	com/google/common/base/CharMatcher$Any	<init>	()V
gaoss	com/google/guava	guava	31.0.1-jre	com.google.common.base.Predicates_ESTest	com/google/common/base	com/google/common/base/CharMatcher$Any	<clinit>	()V
gaoss	com/google/guava	guava	31.0.1-jre	com.google.common.base.Predicates_ESTest	com/google/common/base	com/google/common/base/Predicates$InstanceOfPredicate	<init>	(Ljava/lang/Class;)V
gaoss	com/google/guava	guava	31.0.1-jre	com.google.common.base.Predicates_ESTest	com/google/common/base	com/google/common/base/Predicates$InstanceOfPredicate	apply	(Ljava/lang/Object;)Z
gaoss	com/google/guava	guava	31.0.1-jre	com.google.common.base.Predicates_ESTest	com/google/common/base	com/google/common/base/Predicates$InstanceOfPredicate	equals	(Ljava/lang/Object;)Z
gaoss	com/google/guava	guava	31.0.1-jre	com.google.common.base.Predicates_ESTest	com/google/common/base	com/google/common/base/Predicates$NotPredicate	<init>	(Lcom/google/common/base/Predicate;)V
gaoss	com/google/guava	guava	31.0.1-jre	com.google.common.base.Predicates_ESTest	com/google/common/base	com/google/common/base/Predicates$NotPredicate	apply	(Ljava/lang/Object;)Z
gaoss	com/google/guava	guava	31.0.1-jre	com.google.common.base.Predicates_ESTest	com/google/common/base	com/google/common/base/CharMatcher$Whitespace	<init>	()V
gaoss	com/google/guava	guava	31.0.1-jre	com.google.common.base.Predicates_ESTest	com/google/common/base	com/google/common/base/CharMatcher$Whitespace	<clinit>	()V
gaoss	com/google/guava	guava	31.0.1-jre	com.google.common.base.Predicates_ESTest	com/google/common/base	com/google/common/base/Converter	<init>	()V
gaoss	com/google/guava	guava	31.0.1-jre	com.google.common.base.Predicates_ESTest	com/google/common/base	com/google/common/base/Converter	<init>	(Z)V
gaoss	com/google/guava	guava	31.0.1-jre	com.google.common.base.Predicates_ESTest	com/google/common/base	com/google/common/base/Converter	convert	(Ljava/lang/Object;)Ljava/lang/Object;
gaoss	com/google/guava	guava	31.0.1-jre	com.google.common.base.Predicates_ESTest	com/google/common/base	com/google/common/base/Converter	correctedDoForward	(Ljava/lang/Object;)Ljava/lang/Object;
gaoss	com/google/guava	guava	31.0.1-jre	com.google.common.base.Predicates_ESTest	com/google/common/base	com/google/common/base/Converter	apply	(Ljava/lang/Object;)Ljava/lang/Object;
gaoss	com/google/guava	guava	31.0.1-jre	com.google.common.base.Predicates_ESTest	com/google/common/base	com/google/common/base/Converter	identity	()Lcom/google/common/base/Converter;
gaoss	com/google/guava	guava	31.0.1-jre	com.google.common.base.Predicates_ESTest	com/google/common/base	com/google/common/base/Predicates$ObjectPredicate$3	<init>	(Ljava/lang/String;I)V
gaoss	com/google/guava	guava	31.0.1-jre	com.google.common.base.Predicates_ESTest	com/google/common/base	com/google/common/base/Predicates$ObjectPredicate$3	apply	(Ljava/lang/Object;)Z
gaoss	com/google/guava	guava	31.0.1-jre	com.google.common.base.Predicates_ESTest	com/google/common/base	com/google/common/base/Predicates$ObjectPredicate$3	toString	()Ljava/lang/String;
gaoss	com/google/guava	guava	31.0.1-jre	com.google.common.base.Predicates_ESTest	com/google/common/base	com/google/common/base/Predicates$ObjectPredicate$2	<init>	(Ljava/lang/String;I)V
gaoss	com/google/guava	guava	31.0.1-jre	com.google.common.base.Predicates_ESTest	com/google/common/base	com/google/common/base/Predicates$ObjectPredicate$2	apply	(Ljava/lang/Object;)Z
gaoss	com/google/guava	guava	31.0.1-jre	com.google.common.base.Predicates_ESTest	com/google/common/base	com/google/common/base/Predicates$ObjectPredicate$2	toString	()Ljava/lang/String;
gaoss	com/google/guava	guava	31.0.1-jre	com.google.common.base.Predicates_ESTest	com/google/common/base	com/google/common/base/Predicates$ObjectPredicate$4	<init>	(Ljava/lang/String;I)V
gaoss	com/google/guava	guava	31.0.1-jre	com.google.common.base.Predicates_ESTest	com/google/common/base	com/google/common/base/Predicates$ObjectPredicate$4	apply	(Ljava/lang/Object;)Z
gaoss	com/google/guava	guava	31.0.1-jre	com.google.common.base.Predicates_ESTest	com/google/common/base	com/google/common/base/Predicates$ObjectPredicate$4	toString	()Ljava/lang/String;
gaoss	com/google/guava	guava	31.0.1-jre	com.google.common.base.Predicates_ESTest	com/google/common/base	com/google/common/base/Predicates$ObjectPredicate$1	<init>	(Ljava/lang/String;I)V
gaoss	com/google/guava	guava	31.0.1-jre	com.google.common.base.Predicates_ESTest	com/google/common/base	com/google/common/base/Predicates$ObjectPredicate$1	apply	(Ljava/lang/Object;)Z
gaoss	com/google/guava	guava	31.0.1-jre	com.google.common.base.Predicates_ESTest	com/google/common/base	com/google/common/base/Predicates$ObjectPredicate$1	toString	()Ljava/lang/String;
gaoss	com/google/guava	guava	31.0.1-jre	com.google.common.base.Predicates_ESTest	com/google/common/base	com/google/common/base/Platform	compilePattern	(Ljava/lang/String;)Lcom/google/common/base/CommonPattern;
gaoss	com/google/guava	guava	31.0.1-jre	com.google.common.base.Predicates_ESTest	com/google/common/base	com/google/common/base/Platform	loadPatternCompiler	()Lcom/google/common/base/PatternCompiler;
gaoss	com/google/guava	guava	31.0.1-jre	com.google.common.base.Predicates_ESTest	com/google/common/base	com/google/common/base/Platform	<clinit>	()V
gaoss	com/google/guava	guava	31.0.1-jre	com.google.common.base.Predicates_ESTest	com/google/common/base	com/google/common/base/Predicates	alwaysTrue	()Lcom/google/common/base/Predicate;
gaoss	com/google/guava	guava	31.0.1-jre	com.google.common.base.Predicates_ESTest	com/google/common/base	com/google/common/base/Predicates	alwaysFalse	()Lcom/google/common/base/Predicate;
gaoss	com/google/guava	guava	31.0.1-jre	com.google.common.base.Predicates_ESTest	com/google/common/base	com/google/common/base/Predicates	isNull	()Lcom/google/common/base/Predicate;
gaoss	com/google/guava	guava	31.0.1-jre	com.google.common.base.Predicates_ESTest	com/google/common/base	com/google/common/base/Predicates	notNull	()Lcom/google/common/base/Predicate;
gaoss	com/google/guava	guava	31.0.1-jre	com.google.common.base.Predicates_ESTest	com/google/common/base	com/google/common/base/Predicates	not	(Lcom/google/common/base/Predicate;)Lcom/google/common/base/Predicate;
gaoss	com/google/guava	guava	31.0.1-jre	com.google.common.base.Predicates_ESTest	com/google/common/base	com/google/common/base/Predicates	and	(Ljava/lang/Iterable;)Lcom/google/common/base/Predicate;
gaoss	com/google/guava	guava	31.0.1-jre	com.google.common.base.Predicates_ESTest	com/google/common/base	com/google/common/base/Predicates	and	([Lcom/google/common/base/Predicate;)Lcom/google/common/base/Predicate;
gaoss	com/google/guava	guava	31.0.1-jre	com.google.common.base.Predicates_ESTest	com/google/common/base	com/google/common/base/Predicates	and	(Lcom/google/common/base/Predicate;Lcom/google/common/base/Predicate;)Lcom/google/common/base/Predicate;
gaoss	com/google/guava	guava	31.0.1-jre	com.google.common.base.Predicates_ESTest	com/google/common/base	com/google/common/base/Predicates	or	(Ljava/lang/Iterable;)Lcom/google/common/base/Predicate;
gaoss	com/google/guava	guava	31.0.1-jre	com.google.common.base.Predicates_ESTest	com/google/common/base	com/google/common/base/Predicates	or	([Lcom/google/common/base/Predicate;)Lcom/google/common/base/Predicate;
gaoss	com/google/guava	guava	31.0.1-jre	com.google.common.base.Predicates_ESTest	com/google/common/base	com/google/common/base/Predicates	or	(Lcom/google/common/base/Predicate;Lcom/google/common/base/Predicate;)Lcom/google/common/base/Predicate;
gaoss	com/google/guava	guava	31.0.1-jre	com.google.common.base.Predicates_ESTest	com/google/common/base	com/google/common/base/Predicates	equalTo	(Ljava/lang/Object;)Lcom/google/common/base/Predicate;
gaoss	com/google/guava	guava	31.0.1-jre	com.google.common.base.Predicates_ESTest	com/google/common/base	com/google/common/base/Predicates	instanceOf	(Ljava/lang/Class;)Lcom/google/common/base/Predicate;
gaoss	com/google/guava	guava	31.0.1-jre	com.google.common.base.Predicates_ESTest	com/google/common/base	com/google/common/base/Predicates	subtypeOf	(Ljava/lang/Class;)Lcom/google/common/base/Predicate;
gaoss	com/google/guava	guava	31.0.1-jre	com.google.common.base.Predicates_ESTest	com/google/common/base	com/google/common/base/Predicates	in	(Ljava/util/Collection;)Lcom/google/common/base/Predicate;
gaoss	com/google/guava	guava	31.0.1-jre	com.google.common.base.Predicates_ESTest	com/google/common/base	com/google/common/base/Predicates	compose	(Lcom/google/common/base/Predicate;Lcom/google/common/base/Function;)Lcom/google/common/base/Predicate;
gaoss	com/google/guava	guava	31.0.1-jre	com.google.common.base.Predicates_ESTest	com/google/common/base	com/google/common/base/Predicates	containsPattern	(Ljava/lang/String;)Lcom/google/common/base/Predicate;
gaoss	com/google/guava	guava	31.0.1-jre	com.google.common.base.Predicates_ESTest	com/google/common/base	com/google/common/base/Predicates	contains	(Ljava/util/regex/Pattern;)Lcom/google/common/base/Predicate;
gaoss	com/google/guava	guava	31.0.1-jre	com.google.common.base.Predicates_ESTest	com/google/common/base	com/google/common/base/Predicates	asList	(Lcom/google/common/base/Predicate;Lcom/google/common/base/Predicate;)Ljava/util/List;
gaoss	com/google/guava	guava	31.0.1-jre	com.google.common.base.Predicates_ESTest	com/google/common/base	com/google/common/base/Predicates	defensiveCopy	([Ljava/lang/Object;)Ljava/util/List;
gaoss	com/google/guava	guava	31.0.1-jre	com.google.common.base.Predicates_ESTest	com/google/common/base	com/google/common/base/Predicates	defensiveCopy	(Ljava/lang/Iterable;)Ljava/util/List;
gaoss	com/google/guava	guava	31.0.1-jre	com.google.common.base.Predicates_ESTest	com/google/common/base	com/google/common/base/Predicates$OrPredicate	<init>	(Ljava/util/List;)V
gaoss	com/google/guava	guava	31.0.1-jre	com.google.common.base.Predicates_ESTest	com/google/common/base	com/google/common/base/Predicates$OrPredicate	apply	(Ljava/lang/Object;)Z
gaoss	com/google/guava	guava	31.0.1-jre	com.google.common.base.Predicates_ESTest	com/google/common/base	com/google/common/base/Predicates$OrPredicate	equals	(Ljava/lang/Object;)Z
