gaoss	com/google/guava	guava	31.0.1-jre	com.google.common.base.Enums_ESTest	com/google/common/collect	com/google/common/collect/Cut	<init>	(Ljava/lang/Comparable;)V
gaoss	com/google/guava	guava	31.0.1-jre	com.google.common.base.Enums_ESTest	com/google/common/collect	com/google/common/collect/Cut	belowAll	()Lcom/google/common/collect/Cut;
gaoss	com/google/guava	guava	31.0.1-jre	com.google.common.base.Enums_ESTest	com/google/common/collect	com/google/common/collect/Cut	aboveAll	()Lcom/google/common/collect/Cut;
gaoss	com/google/guava	guava	31.0.1-jre	com.google.common.base.Enums_ESTest	com/google/common/collect	com/google/common/collect/BoundType	<init>	(Ljava/lang/String;IZ)V
gaoss	com/google/guava	guava	31.0.1-jre	com.google.common.base.Enums_ESTest	com/google/common/collect	com/google/common/collect/BoundType	<clinit>	()V
gaoss	com/google/guava	guava	31.0.1-jre	com.google.common.base.Enums_ESTest	com/google/common/collect	com/google/common/collect/Ordering	<init>	()V
gaoss	com/google/guava	guava	31.0.1-jre	com.google.common.base.Enums_ESTest	com/google/common/collect	com/google/common/collect/Cut$AboveAll	<init>	()V
gaoss	com/google/guava	guava	31.0.1-jre	com.google.common.base.Enums_ESTest	com/google/common/collect	com/google/common/collect/Cut$AboveAll	<clinit>	()V
gaoss	com/google/guava	guava	31.0.1-jre	com.google.common.base.Enums_ESTest	com/google/common/collect	com/google/common/collect/NaturalOrdering	<clinit>	()V
gaoss	com/google/guava	guava	31.0.1-jre	com.google.common.base.Enums_ESTest	com/google/common/collect	com/google/common/collect/Range	<init>	(Lcom/google/common/collect/Cut;Lcom/google/common/collect/Cut;)V
gaoss	com/google/guava	guava	31.0.1-jre	com.google.common.base.Enums_ESTest	com/google/common/collect	com/google/common/collect/Range	<clinit>	()V
gaoss	com/google/guava	guava	31.0.1-jre	com.google.common.base.Enums_ESTest	com/google/common/collect	com/google/common/collect/Cut$BelowAll	<init>	()V
gaoss	com/google/guava	guava	31.0.1-jre	com.google.common.base.Enums_ESTest	com/google/common/collect	com/google/common/collect/Cut$BelowAll	compareTo	(Lcom/google/common/collect/Cut;)I
gaoss	com/google/guava	guava	31.0.1-jre	com.google.common.base.Enums_ESTest	com/google/common/collect	com/google/common/collect/Cut$BelowAll	<clinit>	()V
gaoss	com/google/guava	guava	31.0.1-jre	com.google.common.base.Enums_ESTest	com/google/common/collect	com/google/common/collect/RangeGwtSerializationDependencies	<init>	()V
gaoss	com/google/guava	guava	31.0.1-jre	com.google.common.base.Enums_ESTest	com/google/common/math	com/google/common/math/LongMath	<clinit>	()V
gaoss	com/google/guava	guava	31.0.1-jre	com.google.common.base.Enums_ESTest	com/google/common/hash	com/google/common/hash/Striped64	<init>	()V
gaoss	com/google/guava	guava	31.0.1-jre	com.google.common.base.Enums_ESTest	com/google/common/hash	com/google/common/hash/Striped64	getUnsafe	()Lsun/misc/Unsafe;
gaoss	com/google/guava	guava	31.0.1-jre	com.google.common.base.Enums_ESTest	com/google/common/hash	com/google/common/hash/Striped64	<clinit>	()V
gaoss	com/google/guava	guava	31.0.1-jre	com.google.common.base.Enums_ESTest	com/google/common/hash	com/google/common/hash/LongAddables	<clinit>	()V
gaoss	com/google/guava	guava	31.0.1-jre	com.google.common.base.Enums_ESTest	com/google/common/hash	com/google/common/hash/Hashing	<clinit>	()V
gaoss	com/google/guava	guava	31.0.1-jre	com.google.common.base.Enums_ESTest	com/google/common/hash	com/google/common/hash/Murmur3_128HashFunction	<init>	(I)V
gaoss	com/google/guava	guava	31.0.1-jre	com.google.common.base.Enums_ESTest	com/google/common/hash	com/google/common/hash/Murmur3_128HashFunction	<clinit>	()V
gaoss	com/google/guava	guava	31.0.1-jre	com.google.common.base.Enums_ESTest	com/google/common/hash	com/google/common/hash/LongAdder	<init>	()V
gaoss	com/google/guava	guava	31.0.1-jre	com.google.common.base.Enums_ESTest	com/google/common/hash	com/google/common/hash/BloomFilterStrategies$1	<init>	(Ljava/lang/String;I)V
gaoss	com/google/guava	guava	31.0.1-jre	com.google.common.base.Enums_ESTest	com/google/common/hash	com/google/common/hash/BloomFilterStrategies$2	<init>	(Ljava/lang/String;I)V
gaoss	com/google/guava	guava	31.0.1-jre	com.google.common.base.Enums_ESTest	com/google/common/hash	com/google/common/hash/AbstractHashFunction	<init>	()V
gaoss	com/google/guava	guava	31.0.1-jre	com.google.common.base.Enums_ESTest	com/google/common/hash	com/google/common/hash/LongAddables$1	<init>	()V
gaoss	com/google/guava	guava	31.0.1-jre	com.google.common.base.Enums_ESTest	com/google/common/hash	com/google/common/hash/Striped64$1	<init>	()V
gaoss	com/google/guava	guava	31.0.1-jre	com.google.common.base.Enums_ESTest	com/google/common/hash	com/google/common/hash/Striped64$1	run	()Lsun/misc/Unsafe;
gaoss	com/google/guava	guava	31.0.1-jre	com.google.common.base.Enums_ESTest	com/google/common/hash	com/google/common/hash/HashCode	<clinit>	()V
gaoss	com/google/guava	guava	31.0.1-jre	com.google.common.base.Enums_ESTest	com/google/common/hash	com/google/common/hash/BloomFilterStrategies	<clinit>	()V
gaoss	com/google/guava	guava	31.0.1-jre	com.google.common.base.Enums_ESTest	com/google/common/base	com/google/common/base/Converter$IdentityConverter	<clinit>	()V
gaoss	com/google/guava	guava	31.0.1-jre	com.google.common.base.Enums_ESTest	com/google/common/base	com/google/common/base/Absent	withType	()Lcom/google/common/base/Optional;
gaoss	com/google/guava	guava	31.0.1-jre	com.google.common.base.Enums_ESTest	com/google/common/base	com/google/common/base/Absent	<clinit>	()V
gaoss	com/google/guava	guava	31.0.1-jre	com.google.common.base.Enums_ESTest	com/google/common/base	com/google/common/base/Preconditions	checkNotNull	(Ljava/lang/Object;)Ljava/lang/Object;
gaoss	com/google/guava	guava	31.0.1-jre	com.google.common.base.Enums_ESTest	com/google/common/base	com/google/common/base/Enums	getField	(Ljava/lang/Enum;)Ljava/lang/reflect/Field;
gaoss	com/google/guava	guava	31.0.1-jre	com.google.common.base.Enums_ESTest	com/google/common/base	com/google/common/base/Enums	getIfPresent	(Ljava/lang/Class;Ljava/lang/String;)Lcom/google/common/base/Optional;
gaoss	com/google/guava	guava	31.0.1-jre	com.google.common.base.Enums_ESTest	com/google/common/base	com/google/common/base/Enums	populateCache	(Ljava/lang/Class;)Ljava/util/Map;
gaoss	com/google/guava	guava	31.0.1-jre	com.google.common.base.Enums_ESTest	com/google/common/base	com/google/common/base/Enums	getEnumConstants	(Ljava/lang/Class;)Ljava/util/Map;
gaoss	com/google/guava	guava	31.0.1-jre	com.google.common.base.Enums_ESTest	com/google/common/base	com/google/common/base/Enums	stringConverter	(Ljava/lang/Class;)Lcom/google/common/base/Converter;
gaoss	com/google/guava	guava	31.0.1-jre	com.google.common.base.Enums_ESTest	com/google/common/base	com/google/common/base/Enums	<clinit>	()V
gaoss	com/google/guava	guava	31.0.1-jre	com.google.common.base.Enums_ESTest	com/google/common/base	com/google/common/base/Predicates$ObjectPredicate	<clinit>	()V
gaoss	com/google/guava	guava	31.0.1-jre	com.google.common.base.Enums_ESTest	com/google/common/base	com/google/common/base/Enums$StringConverter	<init>	(Ljava/lang/Class;)V
gaoss	com/google/guava	guava	31.0.1-jre	com.google.common.base.Enums_ESTest	com/google/common/base	com/google/common/base/Converter	<init>	()V
gaoss	com/google/guava	guava	31.0.1-jre	com.google.common.base.Enums_ESTest	com/google/common/base	com/google/common/base/Converter	<init>	(Z)V
gaoss	com/google/guava	guava	31.0.1-jre	com.google.common.base.Enums_ESTest	com/google/common/base	com/google/common/base/Predicates$ObjectPredicate$3	<init>	(Ljava/lang/String;I)V
gaoss	com/google/guava	guava	31.0.1-jre	com.google.common.base.Enums_ESTest	com/google/common/base	com/google/common/base/Predicates$ObjectPredicate$2	<init>	(Ljava/lang/String;I)V
gaoss	com/google/guava	guava	31.0.1-jre	com.google.common.base.Enums_ESTest	com/google/common/base	com/google/common/base/Predicates$ObjectPredicate$4	<init>	(Ljava/lang/String;I)V
gaoss	com/google/guava	guava	31.0.1-jre	com.google.common.base.Enums_ESTest	com/google/common/base	com/google/common/base/Predicates$ObjectPredicate$1	<init>	(Ljava/lang/String;I)V
gaoss	com/google/guava	guava	31.0.1-jre	com.google.common.base.Enums_ESTest	com/google/common/base	com/google/common/base/Platform	getEnumIfPresent	(Ljava/lang/Class;Ljava/lang/String;)Lcom/google/common/base/Optional;
gaoss	com/google/guava	guava	31.0.1-jre	com.google.common.base.Enums_ESTest	com/google/common/base	com/google/common/base/Platform	loadPatternCompiler	()Lcom/google/common/base/PatternCompiler;
gaoss	com/google/guava	guava	31.0.1-jre	com.google.common.base.Enums_ESTest	com/google/common/base	com/google/common/base/Platform	<clinit>	()V
gaoss	com/google/guava	guava	31.0.1-jre	com.google.common.base.Enums_ESTest	com/google/common/base	com/google/common/base/Optional	absent	()Lcom/google/common/base/Optional;
gaoss	com/google/guava	guava	31.0.1-jre	com.google.common.base.Enums_ESTest	com/google/common/base	com/google/common/base/Optional	<init>	()V
