io/micronaut/kubernetes/configuration/KubernetesConfigurationClient	lambda$getPropertySourcesFromConfigMaps$6	(Lio/kubernetes/client/openapi/models/V1ConfigMap;)V	CONSTANT	 type: class java.lang.String; value: Adding config map with name {}
io/micronaut/kubernetes/configuration/KubernetesConfigurationClient	lambda$getPropertySourcesFromConfigMaps$6	(Lio/kubernetes/client/openapi/models/V1ConfigMap;)V	GET_STATIC_FIELD	io/micronaut/kubernetes/configuration/KubernetesConfigurationClient::LOG|Lorg/slf4j/Logger;
io/micronaut/kubernetes/configuration/KubernetesConfigurationClient	lambda$getPropertySourcesFromConfigMaps$6	(Lio/kubernetes/client/openapi/models/V1ConfigMap;)V	INVOKE_STATIC	org/slf4j/Logger::debug(Ljava/lang/String;Ljava/lang/Object;)V
io/micronaut/kubernetes/configuration/KubernetesConfigurationClient	lambda$getPropertySourcesFromConfigMaps$6	(Lio/kubernetes/client/openapi/models/V1ConfigMap;)V	INVOKE_STATIC	org/slf4j/Logger::isDebugEnabled()Z
io/micronaut/kubernetes/configuration/KubernetesConfigurationClient	lambda$getPropertySourcesFromConfigMaps$6	(Lio/kubernetes/client/openapi/models/V1ConfigMap;)V	INVOKE_VIRTUAL	io/kubernetes/client/openapi/models/V1ConfigMap::getMetadata()Lio/kubernetes/client/openapi/models/V1ObjectMeta;
io/micronaut/kubernetes/configuration/KubernetesConfigurationClient	lambda$getPropertySourcesFromConfigMaps$6	(Lio/kubernetes/client/openapi/models/V1ConfigMap;)V	INVOKE_VIRTUAL	io/kubernetes/client/openapi/models/V1ObjectMeta::getName()Ljava/lang/String;
io/micronaut/kubernetes/discovery/informer/InstanceProviderInformerNamespaceResolver	lambda$resolveInformerNamespaces$0	(Ljava/lang/String;Ljava/lang/String;)Ljava/lang/Boolean;	INVOKE_STATIC	java/lang/Boolean::valueOf(Z)Ljava/lang/Boolean;
io/micronaut/kubernetes/discovery/informer/InstanceProviderInformerNamespaceResolver	lambda$resolveInformerNamespaces$0	(Ljava/lang/String;Ljava/lang/String;)Ljava/lang/Boolean;	INVOKE_VIRTUAL	java/lang/String::equalsIgnoreCase(Ljava/lang/String;)Z
io/micronaut/kubernetes/discovery/provider/AbstractV1EndpointsProvider	lambda$getInstances$5	(Lio/micronaut/kubernetes/discovery/KubernetesServiceConfiguration;Lio/kubernetes/client/openapi/models/V1EndpointPort;)Z	INVOKE_STATIC	java/util/Objects::equals(Ljava/lang/Object;Ljava/lang/Object;)Z
io/micronaut/kubernetes/discovery/provider/AbstractV1EndpointsProvider	lambda$getInstances$5	(Lio/micronaut/kubernetes/discovery/KubernetesServiceConfiguration;Lio/kubernetes/client/openapi/models/V1EndpointPort;)Z	INVOKE_VIRTUAL	io/kubernetes/client/openapi/models/V1EndpointPort::getName()Ljava/lang/String;
io/micronaut/kubernetes/discovery/provider/AbstractV1EndpointsProvider	lambda$getInstances$5	(Lio/micronaut/kubernetes/discovery/KubernetesServiceConfiguration;Lio/kubernetes/client/openapi/models/V1EndpointPort;)Z	INVOKE_VIRTUAL	io/micronaut/kubernetes/discovery/KubernetesServiceConfiguration::getPort()Ljava/util/Optional;
io/micronaut/kubernetes/discovery/provider/AbstractV1EndpointsProvider	lambda$getInstances$5	(Lio/micronaut/kubernetes/discovery/KubernetesServiceConfiguration;Lio/kubernetes/client/openapi/models/V1EndpointPort;)Z	INVOKE_VIRTUAL	java/util/Optional::get()Ljava/lang/Object;
io/micronaut/kubernetes/discovery/provider/AbstractV1EndpointsProvider	lambda$getInstances$5	(Lio/micronaut/kubernetes/discovery/KubernetesServiceConfiguration;Lio/kubernetes/client/openapi/models/V1EndpointPort;)Z	INVOKE_VIRTUAL	java/util/Optional::isPresent()Z
io/micronaut/kubernetes/discovery/provider/AbstractV1EndpointsProvider	lambda$getInstances$6	(Lio/micronaut/kubernetes/discovery/KubernetesServiceConfiguration;Lio/kubernetes/client/openapi/models/V1EndpointPort;Ljava/util/concurrent/atomic/AtomicReference;Lio/kubernetes/client/openapi/models/V1EndpointAddress;)Lio/micronaut/discovery/ServiceInstance;	INVOKE_STATIC	io/micronaut/kubernetes/discovery/AbstractKubernetesServiceInstanceProvider$PortBinder::fromEndpointPort(Lio/kubernetes/client/openapi/models/V1EndpointPort;)Lio/micronaut/kubernetes/discovery/AbstractKubernetesServiceInstanceProvider$PortBinder;
io/micronaut/kubernetes/discovery/provider/AbstractV1EndpointsProvider	lambda$getInstances$6	(Lio/micronaut/kubernetes/discovery/KubernetesServiceConfiguration;Lio/kubernetes/client/openapi/models/V1EndpointPort;Ljava/util/concurrent/atomic/AtomicReference;Lio/kubernetes/client/openapi/models/V1EndpointAddress;)Lio/micronaut/discovery/ServiceInstance;	INVOKE_STATIC	io/micronaut/kubernetes/discovery/provider/AbstractV1EndpointsProvider::buildServiceInstance(Ljava/lang/String;Lio/micronaut/kubernetes/discovery/AbstractKubernetesServiceInstanceProvider$PortBinder;Ljava/lang/String;Lio/kubernetes/client/openapi/models/V1ObjectMeta;)Lio/micronaut/discovery/ServiceInstance;
io/micronaut/kubernetes/discovery/provider/AbstractV1EndpointsProvider	lambda$getInstances$6	(Lio/micronaut/kubernetes/discovery/KubernetesServiceConfiguration;Lio/kubernetes/client/openapi/models/V1EndpointPort;Ljava/util/concurrent/atomic/AtomicReference;Lio/kubernetes/client/openapi/models/V1EndpointAddress;)Lio/micronaut/discovery/ServiceInstance;	INVOKE_VIRTUAL	io/kubernetes/client/openapi/models/V1EndpointAddress::getIp()Ljava/lang/String;
io/micronaut/kubernetes/discovery/provider/AbstractV1EndpointsProvider	lambda$getInstances$6	(Lio/micronaut/kubernetes/discovery/KubernetesServiceConfiguration;Lio/kubernetes/client/openapi/models/V1EndpointPort;Ljava/util/concurrent/atomic/AtomicReference;Lio/kubernetes/client/openapi/models/V1EndpointAddress;)Lio/micronaut/discovery/ServiceInstance;	INVOKE_VIRTUAL	io/micronaut/kubernetes/discovery/KubernetesServiceConfiguration::getServiceId()Ljava/lang/String;
io/micronaut/kubernetes/discovery/provider/AbstractV1EndpointsProvider	lambda$getInstances$6	(Lio/micronaut/kubernetes/discovery/KubernetesServiceConfiguration;Lio/kubernetes/client/openapi/models/V1EndpointPort;Ljava/util/concurrent/atomic/AtomicReference;Lio/kubernetes/client/openapi/models/V1EndpointAddress;)Lio/micronaut/discovery/ServiceInstance;	INVOKE_VIRTUAL	java/util/concurrent/atomic/AtomicReference::get()Ljava/lang/Object;
io/micronaut/kubernetes/discovery/provider/AbstractV1EndpointsProvider	lambda$getInstances$7	(Lio/kubernetes/client/openapi/models/V1EndpointSubset;Lio/micronaut/kubernetes/discovery/KubernetesServiceConfiguration;Ljava/util/concurrent/atomic/AtomicReference;Lio/kubernetes/client/openapi/models/V1EndpointPort;)Ljava/util/stream/Stream;	INVOKE_DYNAMIC	[java/lang/invoke/LambdaMetafactory::metafactory(Ljava/lang/invoke/MethodHandles$Lookup;Ljava/lang/String;Ljava/lang/invoke/MethodType;Ljava/lang/invoke/MethodType;Ljava/lang/invoke/MethodHandle;Ljava/lang/invoke/MethodType;)Ljava/lang/invoke/CallSite;]::apply(Lio/micronaut/kubernetes/discovery/KubernetesServiceConfiguration;Lio/kubernetes/client/openapi/models/V1EndpointPort;Ljava/util/concurrent/atomic/AtomicReference;)Ljava/util/function/Function;
io/micronaut/kubernetes/discovery/provider/AbstractV1EndpointsProvider	lambda$getInstances$7	(Lio/kubernetes/client/openapi/models/V1EndpointSubset;Lio/micronaut/kubernetes/discovery/KubernetesServiceConfiguration;Ljava/util/concurrent/atomic/AtomicReference;Lio/kubernetes/client/openapi/models/V1EndpointPort;)Ljava/util/stream/Stream;	INVOKE_STATIC	java/util/List::stream()Ljava/util/stream/Stream;
io/micronaut/kubernetes/discovery/provider/AbstractV1EndpointsProvider	lambda$getInstances$7	(Lio/kubernetes/client/openapi/models/V1EndpointSubset;Lio/micronaut/kubernetes/discovery/KubernetesServiceConfiguration;Ljava/util/concurrent/atomic/AtomicReference;Lio/kubernetes/client/openapi/models/V1EndpointPort;)Ljava/util/stream/Stream;	INVOKE_STATIC	java/util/stream/Stream::map(Ljava/util/function/Function;)Ljava/util/stream/Stream;
io/micronaut/kubernetes/discovery/provider/AbstractV1EndpointsProvider	lambda$getInstances$7	(Lio/kubernetes/client/openapi/models/V1EndpointSubset;Lio/micronaut/kubernetes/discovery/KubernetesServiceConfiguration;Ljava/util/concurrent/atomic/AtomicReference;Lio/kubernetes/client/openapi/models/V1EndpointPort;)Ljava/util/stream/Stream;	INVOKE_VIRTUAL	io/kubernetes/client/openapi/models/V1EndpointSubset::getAddresses()Ljava/util/List;
io/micronaut/kubernetes/health/$KubernetesHealthIndicator$Definition	<clinit>	()V	CONSTANT	 type: class java.lang.String; value: executorService
io/micronaut/kubernetes/util/KubernetesUtils	lambda$getLabelsFilter$14	(Ljava/util/Map;Ljava/util/Map$Entry;)Z	INVOKE_STATIC	java/util/Map$Entry::getKey()Ljava/lang/Object;
io/micronaut/kubernetes/util/KubernetesUtils	lambda$getLabelsFilter$14	(Ljava/util/Map;Ljava/util/Map$Entry;)Z	INVOKE_STATIC	java/util/Map$Entry::getValue()Ljava/lang/Object;
io/micronaut/kubernetes/util/KubernetesUtils	lambda$getLabelsFilter$14	(Ljava/util/Map;Ljava/util/Map$Entry;)Z	INVOKE_STATIC	java/util/Map::containsKey(Ljava/lang/Object;)Z
io/micronaut/kubernetes/util/KubernetesUtils	lambda$getLabelsFilter$14	(Ljava/util/Map;Ljava/util/Map$Entry;)Z	INVOKE_STATIC	java/util/Map::get(Ljava/lang/Object;)Ljava/lang/Object;
io/micronaut/kubernetes/util/KubernetesUtils	lambda$getLabelsFilter$14	(Ljava/util/Map;Ljava/util/Map$Entry;)Z	INVOKE_VIRTUAL	java/lang/String::equals(Ljava/lang/Object;)Z
