com/google/common/base/AbstractIterator$State	$values	()[Lcom/google/common/base/AbstractIterator$State;	GET_STATIC_FIELD	com/google/common/base/AbstractIterator$State::DONE|Lcom/google/common/base/AbstractIterator$State;
com/google/common/base/AbstractIterator$State	$values	()[Lcom/google/common/base/AbstractIterator$State;	GET_STATIC_FIELD	com/google/common/base/AbstractIterator$State::FAILED|Lcom/google/common/base/AbstractIterator$State;
com/google/common/base/AbstractIterator$State	$values	()[Lcom/google/common/base/AbstractIterator$State;	GET_STATIC_FIELD	com/google/common/base/AbstractIterator$State::NOT_READY|Lcom/google/common/base/AbstractIterator$State;
com/google/common/base/AbstractIterator$State	$values	()[Lcom/google/common/base/AbstractIterator$State;	GET_STATIC_FIELD	com/google/common/base/AbstractIterator$State::READY|Lcom/google/common/base/AbstractIterator$State;
com/google/common/base/AbstractIterator$State	<clinit>	()V	INVOKE_STATIC	com/google/common/base/AbstractIterator$State::$values()[Lcom/google/common/base/AbstractIterator$State;
com/google/common/base/CaseFormat	$values	()[Lcom/google/common/base/CaseFormat;	GET_STATIC_FIELD	com/google/common/base/CaseFormat::LOWER_CAMEL|Lcom/google/common/base/CaseFormat;
com/google/common/base/CaseFormat	$values	()[Lcom/google/common/base/CaseFormat;	GET_STATIC_FIELD	com/google/common/base/CaseFormat::LOWER_HYPHEN|Lcom/google/common/base/CaseFormat;
com/google/common/base/CaseFormat	$values	()[Lcom/google/common/base/CaseFormat;	GET_STATIC_FIELD	com/google/common/base/CaseFormat::LOWER_UNDERSCORE|Lcom/google/common/base/CaseFormat;
com/google/common/base/CaseFormat	$values	()[Lcom/google/common/base/CaseFormat;	GET_STATIC_FIELD	com/google/common/base/CaseFormat::UPPER_CAMEL|Lcom/google/common/base/CaseFormat;
com/google/common/base/CaseFormat	$values	()[Lcom/google/common/base/CaseFormat;	GET_STATIC_FIELD	com/google/common/base/CaseFormat::UPPER_UNDERSCORE|Lcom/google/common/base/CaseFormat;
com/google/common/base/CaseFormat	<clinit>	()V	INVOKE_STATIC	com/google/common/base/CaseFormat::$values()[Lcom/google/common/base/CaseFormat;
com/google/common/base/Functions$IdentityFunction	$values	()[Lcom/google/common/base/Functions$IdentityFunction;	GET_STATIC_FIELD	com/google/common/base/Functions$IdentityFunction::INSTANCE|Lcom/google/common/base/Functions$IdentityFunction;
com/google/common/base/Functions$IdentityFunction	<clinit>	()V	INVOKE_STATIC	com/google/common/base/Functions$IdentityFunction::$values()[Lcom/google/common/base/Functions$IdentityFunction;
com/google/common/base/Functions$ToStringFunction	$values	()[Lcom/google/common/base/Functions$ToStringFunction;	GET_STATIC_FIELD	com/google/common/base/Functions$ToStringFunction::INSTANCE|Lcom/google/common/base/Functions$ToStringFunction;
com/google/common/base/Functions$ToStringFunction	<clinit>	()V	INVOKE_STATIC	com/google/common/base/Functions$ToStringFunction::$values()[Lcom/google/common/base/Functions$ToStringFunction;
com/google/common/base/Predicates$ObjectPredicate	$values	()[Lcom/google/common/base/Predicates$ObjectPredicate;	GET_STATIC_FIELD	com/google/common/base/Predicates$ObjectPredicate::ALWAYS_FALSE|Lcom/google/common/base/Predicates$ObjectPredicate;
com/google/common/base/Predicates$ObjectPredicate	$values	()[Lcom/google/common/base/Predicates$ObjectPredicate;	GET_STATIC_FIELD	com/google/common/base/Predicates$ObjectPredicate::ALWAYS_TRUE|Lcom/google/common/base/Predicates$ObjectPredicate;
com/google/common/base/Predicates$ObjectPredicate	$values	()[Lcom/google/common/base/Predicates$ObjectPredicate;	GET_STATIC_FIELD	com/google/common/base/Predicates$ObjectPredicate::IS_NULL|Lcom/google/common/base/Predicates$ObjectPredicate;
com/google/common/base/Predicates$ObjectPredicate	$values	()[Lcom/google/common/base/Predicates$ObjectPredicate;	GET_STATIC_FIELD	com/google/common/base/Predicates$ObjectPredicate::NOT_NULL|Lcom/google/common/base/Predicates$ObjectPredicate;
com/google/common/base/Predicates$ObjectPredicate	<clinit>	()V	INVOKE_STATIC	com/google/common/base/Predicates$ObjectPredicate::$values()[Lcom/google/common/base/Predicates$ObjectPredicate;
com/google/common/base/StandardSystemProperty	$values	()[Lcom/google/common/base/StandardSystemProperty;	GET_STATIC_FIELD	com/google/common/base/StandardSystemProperty::FILE_SEPARATOR|Lcom/google/common/base/StandardSystemProperty;
com/google/common/base/StandardSystemProperty	$values	()[Lcom/google/common/base/StandardSystemProperty;	GET_STATIC_FIELD	com/google/common/base/StandardSystemProperty::JAVA_CLASS_PATH|Lcom/google/common/base/StandardSystemProperty;
com/google/common/base/StandardSystemProperty	$values	()[Lcom/google/common/base/StandardSystemProperty;	GET_STATIC_FIELD	com/google/common/base/StandardSystemProperty::JAVA_CLASS_VERSION|Lcom/google/common/base/StandardSystemProperty;
com/google/common/base/StandardSystemProperty	$values	()[Lcom/google/common/base/StandardSystemProperty;	GET_STATIC_FIELD	com/google/common/base/StandardSystemProperty::JAVA_COMPILER|Lcom/google/common/base/StandardSystemProperty;
com/google/common/base/StandardSystemProperty	$values	()[Lcom/google/common/base/StandardSystemProperty;	GET_STATIC_FIELD	com/google/common/base/StandardSystemProperty::JAVA_EXT_DIRS|Lcom/google/common/base/StandardSystemProperty;
com/google/common/base/StandardSystemProperty	$values	()[Lcom/google/common/base/StandardSystemProperty;	GET_STATIC_FIELD	com/google/common/base/StandardSystemProperty::JAVA_HOME|Lcom/google/common/base/StandardSystemProperty;
com/google/common/base/StandardSystemProperty	$values	()[Lcom/google/common/base/StandardSystemProperty;	GET_STATIC_FIELD	com/google/common/base/StandardSystemProperty::JAVA_IO_TMPDIR|Lcom/google/common/base/StandardSystemProperty;
com/google/common/base/StandardSystemProperty	$values	()[Lcom/google/common/base/StandardSystemProperty;	GET_STATIC_FIELD	com/google/common/base/StandardSystemProperty::JAVA_LIBRARY_PATH|Lcom/google/common/base/StandardSystemProperty;
com/google/common/base/StandardSystemProperty	$values	()[Lcom/google/common/base/StandardSystemProperty;	GET_STATIC_FIELD	com/google/common/base/StandardSystemProperty::JAVA_SPECIFICATION_NAME|Lcom/google/common/base/StandardSystemProperty;
com/google/common/base/StandardSystemProperty	$values	()[Lcom/google/common/base/StandardSystemProperty;	GET_STATIC_FIELD	com/google/common/base/StandardSystemProperty::JAVA_SPECIFICATION_VENDOR|Lcom/google/common/base/StandardSystemProperty;
com/google/common/base/StandardSystemProperty	$values	()[Lcom/google/common/base/StandardSystemProperty;	GET_STATIC_FIELD	com/google/common/base/StandardSystemProperty::JAVA_SPECIFICATION_VERSION|Lcom/google/common/base/StandardSystemProperty;
com/google/common/base/StandardSystemProperty	$values	()[Lcom/google/common/base/StandardSystemProperty;	GET_STATIC_FIELD	com/google/common/base/StandardSystemProperty::JAVA_VENDOR_URL|Lcom/google/common/base/StandardSystemProperty;
com/google/common/base/StandardSystemProperty	$values	()[Lcom/google/common/base/StandardSystemProperty;	GET_STATIC_FIELD	com/google/common/base/StandardSystemProperty::JAVA_VENDOR|Lcom/google/common/base/StandardSystemProperty;
com/google/common/base/StandardSystemProperty	$values	()[Lcom/google/common/base/StandardSystemProperty;	GET_STATIC_FIELD	com/google/common/base/StandardSystemProperty::JAVA_VERSION|Lcom/google/common/base/StandardSystemProperty;
com/google/common/base/StandardSystemProperty	$values	()[Lcom/google/common/base/StandardSystemProperty;	GET_STATIC_FIELD	com/google/common/base/StandardSystemProperty::JAVA_VM_NAME|Lcom/google/common/base/StandardSystemProperty;
com/google/common/base/StandardSystemProperty	$values	()[Lcom/google/common/base/StandardSystemProperty;	GET_STATIC_FIELD	com/google/common/base/StandardSystemProperty::JAVA_VM_SPECIFICATION_NAME|Lcom/google/common/base/StandardSystemProperty;
com/google/common/base/StandardSystemProperty	$values	()[Lcom/google/common/base/StandardSystemProperty;	GET_STATIC_FIELD	com/google/common/base/StandardSystemProperty::JAVA_VM_SPECIFICATION_VENDOR|Lcom/google/common/base/StandardSystemProperty;
com/google/common/base/StandardSystemProperty	$values	()[Lcom/google/common/base/StandardSystemProperty;	GET_STATIC_FIELD	com/google/common/base/StandardSystemProperty::JAVA_VM_SPECIFICATION_VERSION|Lcom/google/common/base/StandardSystemProperty;
com/google/common/base/StandardSystemProperty	$values	()[Lcom/google/common/base/StandardSystemProperty;	GET_STATIC_FIELD	com/google/common/base/StandardSystemProperty::JAVA_VM_VENDOR|Lcom/google/common/base/StandardSystemProperty;
com/google/common/base/StandardSystemProperty	$values	()[Lcom/google/common/base/StandardSystemProperty;	GET_STATIC_FIELD	com/google/common/base/StandardSystemProperty::JAVA_VM_VERSION|Lcom/google/common/base/StandardSystemProperty;
com/google/common/base/StandardSystemProperty	$values	()[Lcom/google/common/base/StandardSystemProperty;	GET_STATIC_FIELD	com/google/common/base/StandardSystemProperty::LINE_SEPARATOR|Lcom/google/common/base/StandardSystemProperty;
com/google/common/base/StandardSystemProperty	$values	()[Lcom/google/common/base/StandardSystemProperty;	GET_STATIC_FIELD	com/google/common/base/StandardSystemProperty::OS_ARCH|Lcom/google/common/base/StandardSystemProperty;
com/google/common/base/StandardSystemProperty	$values	()[Lcom/google/common/base/StandardSystemProperty;	GET_STATIC_FIELD	com/google/common/base/StandardSystemProperty::OS_NAME|Lcom/google/common/base/StandardSystemProperty;
com/google/common/base/StandardSystemProperty	$values	()[Lcom/google/common/base/StandardSystemProperty;	GET_STATIC_FIELD	com/google/common/base/StandardSystemProperty::OS_VERSION|Lcom/google/common/base/StandardSystemProperty;
com/google/common/base/StandardSystemProperty	$values	()[Lcom/google/common/base/StandardSystemProperty;	GET_STATIC_FIELD	com/google/common/base/StandardSystemProperty::PATH_SEPARATOR|Lcom/google/common/base/StandardSystemProperty;
com/google/common/base/StandardSystemProperty	$values	()[Lcom/google/common/base/StandardSystemProperty;	GET_STATIC_FIELD	com/google/common/base/StandardSystemProperty::USER_DIR|Lcom/google/common/base/StandardSystemProperty;
com/google/common/base/StandardSystemProperty	$values	()[Lcom/google/common/base/StandardSystemProperty;	GET_STATIC_FIELD	com/google/common/base/StandardSystemProperty::USER_HOME|Lcom/google/common/base/StandardSystemProperty;
com/google/common/base/StandardSystemProperty	$values	()[Lcom/google/common/base/StandardSystemProperty;	GET_STATIC_FIELD	com/google/common/base/StandardSystemProperty::USER_NAME|Lcom/google/common/base/StandardSystemProperty;
com/google/common/base/StandardSystemProperty	<clinit>	()V	INVOKE_STATIC	com/google/common/base/StandardSystemProperty::$values()[Lcom/google/common/base/StandardSystemProperty;
com/google/common/base/Suppliers$SupplierFunctionImpl	$values	()[Lcom/google/common/base/Suppliers$SupplierFunctionImpl;	GET_STATIC_FIELD	com/google/common/base/Suppliers$SupplierFunctionImpl::INSTANCE|Lcom/google/common/base/Suppliers$SupplierFunctionImpl;
com/google/common/base/Suppliers$SupplierFunctionImpl	<clinit>	()V	INVOKE_STATIC	com/google/common/base/Suppliers$SupplierFunctionImpl::$values()[Lcom/google/common/base/Suppliers$SupplierFunctionImpl;
com/google/common/cache/CacheBuilder$NullListener	$values	()[Lcom/google/common/cache/CacheBuilder$NullListener;	GET_STATIC_FIELD	com/google/common/cache/CacheBuilder$NullListener::INSTANCE|Lcom/google/common/cache/CacheBuilder$NullListener;
com/google/common/cache/CacheBuilder$NullListener	<clinit>	()V	INVOKE_STATIC	com/google/common/cache/CacheBuilder$NullListener::$values()[Lcom/google/common/cache/CacheBuilder$NullListener;
com/google/common/cache/CacheBuilder$OneWeigher	$values	()[Lcom/google/common/cache/CacheBuilder$OneWeigher;	GET_STATIC_FIELD	com/google/common/cache/CacheBuilder$OneWeigher::INSTANCE|Lcom/google/common/cache/CacheBuilder$OneWeigher;
com/google/common/cache/CacheBuilder$OneWeigher	<clinit>	()V	INVOKE_STATIC	com/google/common/cache/CacheBuilder$OneWeigher::$values()[Lcom/google/common/cache/CacheBuilder$OneWeigher;
com/google/common/cache/LocalCache$EntryFactory	$values	()[Lcom/google/common/cache/LocalCache$EntryFactory;	GET_STATIC_FIELD	com/google/common/cache/LocalCache$EntryFactory::STRONG_ACCESS_WRITE|Lcom/google/common/cache/LocalCache$EntryFactory;
com/google/common/cache/LocalCache$EntryFactory	$values	()[Lcom/google/common/cache/LocalCache$EntryFactory;	GET_STATIC_FIELD	com/google/common/cache/LocalCache$EntryFactory::STRONG_ACCESS|Lcom/google/common/cache/LocalCache$EntryFactory;
com/google/common/cache/LocalCache$EntryFactory	$values	()[Lcom/google/common/cache/LocalCache$EntryFactory;	GET_STATIC_FIELD	com/google/common/cache/LocalCache$EntryFactory::STRONG_WRITE|Lcom/google/common/cache/LocalCache$EntryFactory;
com/google/common/cache/LocalCache$EntryFactory	$values	()[Lcom/google/common/cache/LocalCache$EntryFactory;	GET_STATIC_FIELD	com/google/common/cache/LocalCache$EntryFactory::STRONG|Lcom/google/common/cache/LocalCache$EntryFactory;
com/google/common/cache/LocalCache$EntryFactory	$values	()[Lcom/google/common/cache/LocalCache$EntryFactory;	GET_STATIC_FIELD	com/google/common/cache/LocalCache$EntryFactory::WEAK_ACCESS_WRITE|Lcom/google/common/cache/LocalCache$EntryFactory;
com/google/common/cache/LocalCache$EntryFactory	$values	()[Lcom/google/common/cache/LocalCache$EntryFactory;	GET_STATIC_FIELD	com/google/common/cache/LocalCache$EntryFactory::WEAK_ACCESS|Lcom/google/common/cache/LocalCache$EntryFactory;
com/google/common/cache/LocalCache$EntryFactory	$values	()[Lcom/google/common/cache/LocalCache$EntryFactory;	GET_STATIC_FIELD	com/google/common/cache/LocalCache$EntryFactory::WEAK_WRITE|Lcom/google/common/cache/LocalCache$EntryFactory;
com/google/common/cache/LocalCache$EntryFactory	$values	()[Lcom/google/common/cache/LocalCache$EntryFactory;	GET_STATIC_FIELD	com/google/common/cache/LocalCache$EntryFactory::WEAK|Lcom/google/common/cache/LocalCache$EntryFactory;
com/google/common/cache/LocalCache$EntryFactory	<clinit>	()V	INVOKE_STATIC	com/google/common/cache/LocalCache$EntryFactory::$values()[Lcom/google/common/cache/LocalCache$EntryFactory;
com/google/common/cache/LocalCache$NullEntry	$values	()[Lcom/google/common/cache/LocalCache$NullEntry;	GET_STATIC_FIELD	com/google/common/cache/LocalCache$NullEntry::INSTANCE|Lcom/google/common/cache/LocalCache$NullEntry;
com/google/common/cache/LocalCache$NullEntry	<clinit>	()V	INVOKE_STATIC	com/google/common/cache/LocalCache$NullEntry::$values()[Lcom/google/common/cache/LocalCache$NullEntry;
com/google/common/cache/LocalCache$Strength	$values	()[Lcom/google/common/cache/LocalCache$Strength;	GET_STATIC_FIELD	com/google/common/cache/LocalCache$Strength::SOFT|Lcom/google/common/cache/LocalCache$Strength;
com/google/common/cache/LocalCache$Strength	$values	()[Lcom/google/common/cache/LocalCache$Strength;	GET_STATIC_FIELD	com/google/common/cache/LocalCache$Strength::STRONG|Lcom/google/common/cache/LocalCache$Strength;
com/google/common/cache/LocalCache$Strength	$values	()[Lcom/google/common/cache/LocalCache$Strength;	GET_STATIC_FIELD	com/google/common/cache/LocalCache$Strength::WEAK|Lcom/google/common/cache/LocalCache$Strength;
com/google/common/cache/LocalCache$Strength	<clinit>	()V	INVOKE_STATIC	com/google/common/cache/LocalCache$Strength::$values()[Lcom/google/common/cache/LocalCache$Strength;
com/google/common/cache/RemovalCause	$values	()[Lcom/google/common/cache/RemovalCause;	GET_STATIC_FIELD	com/google/common/cache/RemovalCause::COLLECTED|Lcom/google/common/cache/RemovalCause;
com/google/common/cache/RemovalCause	$values	()[Lcom/google/common/cache/RemovalCause;	GET_STATIC_FIELD	com/google/common/cache/RemovalCause::EXPIRED|Lcom/google/common/cache/RemovalCause;
com/google/common/cache/RemovalCause	$values	()[Lcom/google/common/cache/RemovalCause;	GET_STATIC_FIELD	com/google/common/cache/RemovalCause::EXPLICIT|Lcom/google/common/cache/RemovalCause;
com/google/common/cache/RemovalCause	$values	()[Lcom/google/common/cache/RemovalCause;	GET_STATIC_FIELD	com/google/common/cache/RemovalCause::REPLACED|Lcom/google/common/cache/RemovalCause;
com/google/common/cache/RemovalCause	$values	()[Lcom/google/common/cache/RemovalCause;	GET_STATIC_FIELD	com/google/common/cache/RemovalCause::SIZE|Lcom/google/common/cache/RemovalCause;
com/google/common/cache/RemovalCause	<clinit>	()V	INVOKE_STATIC	com/google/common/cache/RemovalCause::$values()[Lcom/google/common/cache/RemovalCause;
com/google/common/cache/RemovalListeners	lambda$asynchronous$0	(Lcom/google/common/cache/RemovalListener;Lcom/google/common/cache/RemovalNotification;)V	INVOKE_INTERFACE	com/google/common/cache/RemovalListener::onRemoval(Lcom/google/common/cache/RemovalNotification;)V
com/google/common/collect/AbstractIterator$State	$values	()[Lcom/google/common/collect/AbstractIterator$State;	GET_STATIC_FIELD	com/google/common/collect/AbstractIterator$State::DONE|Lcom/google/common/collect/AbstractIterator$State;
com/google/common/collect/AbstractIterator$State	$values	()[Lcom/google/common/collect/AbstractIterator$State;	GET_STATIC_FIELD	com/google/common/collect/AbstractIterator$State::FAILED|Lcom/google/common/collect/AbstractIterator$State;
com/google/common/collect/AbstractIterator$State	$values	()[Lcom/google/common/collect/AbstractIterator$State;	GET_STATIC_FIELD	com/google/common/collect/AbstractIterator$State::NOT_READY|Lcom/google/common/collect/AbstractIterator$State;
com/google/common/collect/AbstractIterator$State	$values	()[Lcom/google/common/collect/AbstractIterator$State;	GET_STATIC_FIELD	com/google/common/collect/AbstractIterator$State::READY|Lcom/google/common/collect/AbstractIterator$State;
com/google/common/collect/AbstractIterator$State	<clinit>	()V	INVOKE_STATIC	com/google/common/collect/AbstractIterator$State::$values()[Lcom/google/common/collect/AbstractIterator$State;
com/google/common/collect/AbstractMapBasedMultimap	access$212	(Lcom/google/common/collect/AbstractMapBasedMultimap;I)I	GET_FIELD	com/google/common/collect/AbstractMapBasedMultimap::totalSize|I
com/google/common/collect/AbstractMapBasedMultimap	access$212	(Lcom/google/common/collect/AbstractMapBasedMultimap;I)I	PUT_FIELD	com/google/common/collect/AbstractMapBasedMultimap::totalSize|I
com/google/common/collect/AbstractMapBasedMultimap	access$220	(Lcom/google/common/collect/AbstractMapBasedMultimap;I)I	GET_FIELD	com/google/common/collect/AbstractMapBasedMultimap::totalSize|I
com/google/common/collect/AbstractMapBasedMultimap	access$220	(Lcom/google/common/collect/AbstractMapBasedMultimap;I)I	PUT_FIELD	com/google/common/collect/AbstractMapBasedMultimap::totalSize|I
com/google/common/collect/AbstractMapBasedMultimap	lambda$entrySpliterator$0	(Ljava/lang/Object;Ljava/lang/Object;)Ljava/util/Map$Entry;	INVOKE_STATIC	com/google/common/collect/Maps::immutableEntry(Ljava/lang/Object;Ljava/lang/Object;)Ljava/util/Map$Entry;
com/google/common/collect/AbstractMapBasedMultimap	lambda$forEach$2	(Ljava/util/function/BiConsumer;Ljava/lang/Object;Ljava/lang/Object;)V	INVOKE_INTERFACE	java/util/function/BiConsumer::accept(Ljava/lang/Object;Ljava/lang/Object;)V
com/google/common/collect/AbstractMapBasedMultimap$AsMap	remove	(Ljava/lang/Object;)Ljava/util/Collection;	INVOKE_STATIC	com/google/common/collect/AbstractMapBasedMultimap::access$220(Lcom/google/common/collect/AbstractMapBasedMultimap;I)I
com/google/common/collect/AbstractMapBasedMultimap$AsMap$AsMapIterator	remove	()V	INVOKE_STATIC	com/google/common/collect/AbstractMapBasedMultimap::access$220(Lcom/google/common/collect/AbstractMapBasedMultimap;I)I
com/google/common/collect/AbstractMapBasedMultimap$KeySet	remove	(Ljava/lang/Object;)Z	INVOKE_STATIC	com/google/common/collect/AbstractMapBasedMultimap::access$220(Lcom/google/common/collect/AbstractMapBasedMultimap;I)I
com/google/common/collect/AbstractMapBasedMultimap$KeySet$1	remove	()V	INVOKE_STATIC	com/google/common/collect/AbstractMapBasedMultimap::access$220(Lcom/google/common/collect/AbstractMapBasedMultimap;I)I
com/google/common/collect/AbstractMapBasedMultimap$WrappedCollection	addAll	(Ljava/util/Collection;)Z	INVOKE_STATIC	com/google/common/collect/AbstractMapBasedMultimap::access$212(Lcom/google/common/collect/AbstractMapBasedMultimap;I)I
com/google/common/collect/AbstractMapBasedMultimap$WrappedCollection	clear	()V	INVOKE_STATIC	com/google/common/collect/AbstractMapBasedMultimap::access$220(Lcom/google/common/collect/AbstractMapBasedMultimap;I)I
com/google/common/collect/AbstractMapBasedMultimap$WrappedCollection	removeAll	(Ljava/util/Collection;)Z	INVOKE_STATIC	com/google/common/collect/AbstractMapBasedMultimap::access$212(Lcom/google/common/collect/AbstractMapBasedMultimap;I)I
com/google/common/collect/AbstractMapBasedMultimap$WrappedCollection	retainAll	(Ljava/util/Collection;)Z	INVOKE_STATIC	com/google/common/collect/AbstractMapBasedMultimap::access$212(Lcom/google/common/collect/AbstractMapBasedMultimap;I)I
com/google/common/collect/AbstractMapBasedMultimap$WrappedList	addAll	(ILjava/util/Collection;)Z	INVOKE_STATIC	com/google/common/collect/AbstractMapBasedMultimap::access$212(Lcom/google/common/collect/AbstractMapBasedMultimap;I)I
com/google/common/collect/AbstractMapBasedMultimap$WrappedSet	removeAll	(Ljava/util/Collection;)Z	INVOKE_STATIC	com/google/common/collect/AbstractMapBasedMultimap::access$212(Lcom/google/common/collect/AbstractMapBasedMultimap;I)I
com/google/common/collect/AbstractMapBasedMultiset	access$022	(Lcom/google/common/collect/AbstractMapBasedMultiset;J)J	GET_FIELD	com/google/common/collect/AbstractMapBasedMultiset::size|J
com/google/common/collect/AbstractMapBasedMultiset	access$022	(Lcom/google/common/collect/AbstractMapBasedMultiset;J)J	PUT_FIELD	com/google/common/collect/AbstractMapBasedMultiset::size|J
com/google/common/collect/AbstractMapBasedMultiset$1	remove	()V	INVOKE_STATIC	com/google/common/collect/AbstractMapBasedMultiset::access$022(Lcom/google/common/collect/AbstractMapBasedMultiset;J)J
com/google/common/collect/AbstractMapBasedMultiset$2	remove	()V	INVOKE_STATIC	com/google/common/collect/AbstractMapBasedMultiset::access$022(Lcom/google/common/collect/AbstractMapBasedMultiset;J)J
com/google/common/collect/BoundType	$values	()[Lcom/google/common/collect/BoundType;	GET_STATIC_FIELD	com/google/common/collect/BoundType::CLOSED|Lcom/google/common/collect/BoundType;
com/google/common/collect/BoundType	$values	()[Lcom/google/common/collect/BoundType;	GET_STATIC_FIELD	com/google/common/collect/BoundType::OPEN|Lcom/google/common/collect/BoundType;
com/google/common/collect/BoundType	<clinit>	()V	INVOKE_STATIC	com/google/common/collect/BoundType::$values()[Lcom/google/common/collect/BoundType;
com/google/common/collect/CollectCollectors	flatteningToImmutableListMultimap	(Ljava/util/function/Function;Ljava/util/function/Function;)Ljava/util/stream/Collector;	INVOKE_STATIC	java/util/Objects::requireNonNull(Ljava/lang/Object;)Ljava/lang/Object;
com/google/common/collect/CollectCollectors	flatteningToImmutableSetMultimap	(Ljava/util/function/Function;Ljava/util/function/Function;)Ljava/util/stream/Collector;	INVOKE_STATIC	java/util/Objects::requireNonNull(Ljava/lang/Object;)Ljava/lang/Object;
com/google/common/collect/CollectCollectors	lambda$flatteningToMultimap$26	(Ljava/util/function/Function;Ljava/util/function/Function;Lcom/google/common/collect/Multimap;Ljava/lang/Object;)V	INVOKE_STATIC	java/util/Objects::requireNonNull(Ljava/lang/Object;)Ljava/lang/Object;
com/google/common/collect/CollectCollectors	lambda$toImmutableEnumMap$12	(Ljava/lang/Object;Ljava/lang/Object;)Ljava/lang/Object;	CONSTANT	 type: class java.lang.String; value: , 
com/google/common/collect/CollectCollectors	lambda$toImmutableEnumMap$12	(Ljava/lang/Object;Ljava/lang/Object;)Ljava/lang/Object;	CONSTANT	 type: class java.lang.String; value: Multiple values for key: 
com/google/common/collect/CollectCollectors	lambda$toImmutableEnumMap$12	(Ljava/lang/Object;Ljava/lang/Object;)Ljava/lang/Object;	INVOKE_SPECIAL	java/lang/IllegalArgumentException::<init>(Ljava/lang/String;)V
com/google/common/collect/CollectCollectors	lambda$toImmutableEnumMap$12	(Ljava/lang/Object;Ljava/lang/Object;)Ljava/lang/Object;	INVOKE_SPECIAL	java/lang/StringBuilder::<init>()V
com/google/common/collect/CollectCollectors	lambda$toImmutableEnumMap$12	(Ljava/lang/Object;Ljava/lang/Object;)Ljava/lang/Object;	INVOKE_VIRTUAL	java/lang/StringBuilder::append(Ljava/lang/Object;)Ljava/lang/StringBuilder;
com/google/common/collect/CollectCollectors	lambda$toImmutableEnumMap$12	(Ljava/lang/Object;Ljava/lang/Object;)Ljava/lang/Object;	INVOKE_VIRTUAL	java/lang/StringBuilder::append(Ljava/lang/String;)Ljava/lang/StringBuilder;
com/google/common/collect/CollectCollectors	lambda$toImmutableEnumMap$12	(Ljava/lang/Object;Ljava/lang/Object;)Ljava/lang/Object;	INVOKE_VIRTUAL	java/lang/StringBuilder::toString()Ljava/lang/String;
com/google/common/collect/Collections2$FilteredCollection	removeAll	(Ljava/util/Collection;)Z	INVOKE_STATIC	java/util/Objects::requireNonNull(Ljava/lang/Object;)Ljava/lang/Object;
com/google/common/collect/EnumBiMap	forcePut	(Ljava/lang/Object;Ljava/lang/Object;)Ljava/lang/Object;	INVOKE_SPECIAL	com/google/common/collect/AbstractBiMap::forcePut(Ljava/lang/Object;Ljava/lang/Object;)Ljava/lang/Object;
com/google/common/collect/EnumBiMap	put	(Ljava/lang/Object;Ljava/lang/Object;)Ljava/lang/Object;	INVOKE_SPECIAL	com/google/common/collect/AbstractBiMap::put(Ljava/lang/Object;Ljava/lang/Object;)Ljava/lang/Object;
com/google/common/collect/EnumBiMap	remove	(Ljava/lang/Object;)Ljava/lang/Object;	INVOKE_SPECIAL	com/google/common/collect/AbstractBiMap::remove(Ljava/lang/Object;)Ljava/lang/Object;
com/google/common/collect/EnumMultiset	access$322	(Lcom/google/common/collect/EnumMultiset;J)J	GET_FIELD	com/google/common/collect/EnumMultiset::size|J
com/google/common/collect/EnumMultiset	access$322	(Lcom/google/common/collect/EnumMultiset;J)J	PUT_FIELD	com/google/common/collect/EnumMultiset::size|J
com/google/common/collect/EnumMultiset	setCount	(Ljava/lang/Object;II)Z	INVOKE_SPECIAL	com/google/common/collect/AbstractMultiset::setCount(Ljava/lang/Object;II)Z
com/google/common/collect/EnumMultiset$Itr	remove	()V	INVOKE_STATIC	com/google/common/collect/EnumMultiset::access$322(Lcom/google/common/collect/EnumMultiset;J)J
com/google/common/collect/ImmutableMultimap	lambda$entrySpliterator$0	(Ljava/lang/Object;Ljava/lang/Object;)Ljava/util/Map$Entry;	INVOKE_STATIC	com/google/common/collect/Maps::immutableEntry(Ljava/lang/Object;Ljava/lang/Object;)Ljava/util/Map$Entry;
com/google/common/collect/ImmutableMultimap	lambda$forEach$2	(Ljava/util/function/BiConsumer;Ljava/lang/Object;Ljava/lang/Object;)V	INVOKE_INTERFACE	java/util/function/BiConsumer::accept(Ljava/lang/Object;Ljava/lang/Object;)V
com/google/common/collect/ImmutableSortedAsList	spliterator	()Ljava/util/Spliterator;	INVOKE_STATIC	java/util/Objects::requireNonNull(Ljava/lang/Object;)Ljava/lang/Object;
com/google/common/collect/Iterators$EmptyModifiableIterator	$values	()[Lcom/google/common/collect/Iterators$EmptyModifiableIterator;	GET_STATIC_FIELD	com/google/common/collect/Iterators$EmptyModifiableIterator::INSTANCE|Lcom/google/common/collect/Iterators$EmptyModifiableIterator;
com/google/common/collect/Iterators$EmptyModifiableIterator	<clinit>	()V	INVOKE_STATIC	com/google/common/collect/Iterators$EmptyModifiableIterator::$values()[Lcom/google/common/collect/Iterators$EmptyModifiableIterator;
com/google/common/collect/MapMaker$Dummy	$values	()[Lcom/google/common/collect/MapMaker$Dummy;	GET_STATIC_FIELD	com/google/common/collect/MapMaker$Dummy::VALUE|Lcom/google/common/collect/MapMaker$Dummy;
com/google/common/collect/MapMaker$Dummy	<clinit>	()V	INVOKE_STATIC	com/google/common/collect/MapMaker$Dummy::$values()[Lcom/google/common/collect/MapMaker$Dummy;
com/google/common/collect/MapMakerInternalMap$Strength	$values	()[Lcom/google/common/collect/MapMakerInternalMap$Strength;	GET_STATIC_FIELD	com/google/common/collect/MapMakerInternalMap$Strength::STRONG|Lcom/google/common/collect/MapMakerInternalMap$Strength;
com/google/common/collect/MapMakerInternalMap$Strength	$values	()[Lcom/google/common/collect/MapMakerInternalMap$Strength;	GET_STATIC_FIELD	com/google/common/collect/MapMakerInternalMap$Strength::WEAK|Lcom/google/common/collect/MapMakerInternalMap$Strength;
com/google/common/collect/MapMakerInternalMap$Strength	<clinit>	()V	INVOKE_STATIC	com/google/common/collect/MapMakerInternalMap$Strength::$values()[Lcom/google/common/collect/MapMakerInternalMap$Strength;
com/google/common/collect/Maps$EntryFunction	$values	()[Lcom/google/common/collect/Maps$EntryFunction;	GET_STATIC_FIELD	com/google/common/collect/Maps$EntryFunction::KEY|Lcom/google/common/collect/Maps$EntryFunction;
com/google/common/collect/Maps$EntryFunction	$values	()[Lcom/google/common/collect/Maps$EntryFunction;	GET_STATIC_FIELD	com/google/common/collect/Maps$EntryFunction::VALUE|Lcom/google/common/collect/Maps$EntryFunction;
com/google/common/collect/Maps$EntryFunction	<clinit>	()V	INVOKE_STATIC	com/google/common/collect/Maps$EntryFunction::$values()[Lcom/google/common/collect/Maps$EntryFunction;
com/google/common/collect/MultimapBuilder$LinkedListSupplier	$values	()[Lcom/google/common/collect/MultimapBuilder$LinkedListSupplier;	GET_STATIC_FIELD	com/google/common/collect/MultimapBuilder$LinkedListSupplier::INSTANCE|Lcom/google/common/collect/MultimapBuilder$LinkedListSupplier;
com/google/common/collect/MultimapBuilder$LinkedListSupplier	<clinit>	()V	INVOKE_STATIC	com/google/common/collect/MultimapBuilder$LinkedListSupplier::$values()[Lcom/google/common/collect/MultimapBuilder$LinkedListSupplier;
com/google/common/collect/Multisets	addAllImpl	(Lcom/google/common/collect/Multiset;Lcom/google/common/collect/Multiset;)Z	INVOKE_STATIC	java/util/Objects::requireNonNull(Ljava/lang/Object;)Ljava/lang/Object;
com/google/common/collect/Sets$2	parallelStream	()Ljava/util/stream/Stream;	INVOKE_STATIC	java/util/Objects::requireNonNull(Ljava/lang/Object;)Ljava/lang/Object;
com/google/common/collect/Sets$2	stream	()Ljava/util/stream/Stream;	INVOKE_STATIC	java/util/Objects::requireNonNull(Ljava/lang/Object;)Ljava/lang/Object;
com/google/common/collect/SortedLists$KeyAbsentBehavior	$values	()[Lcom/google/common/collect/SortedLists$KeyAbsentBehavior;	GET_STATIC_FIELD	com/google/common/collect/SortedLists$KeyAbsentBehavior::INVERTED_INSERTION_INDEX|Lcom/google/common/collect/SortedLists$KeyAbsentBehavior;
com/google/common/collect/SortedLists$KeyAbsentBehavior	$values	()[Lcom/google/common/collect/SortedLists$KeyAbsentBehavior;	GET_STATIC_FIELD	com/google/common/collect/SortedLists$KeyAbsentBehavior::NEXT_HIGHER|Lcom/google/common/collect/SortedLists$KeyAbsentBehavior;
com/google/common/collect/SortedLists$KeyAbsentBehavior	$values	()[Lcom/google/common/collect/SortedLists$KeyAbsentBehavior;	GET_STATIC_FIELD	com/google/common/collect/SortedLists$KeyAbsentBehavior::NEXT_LOWER|Lcom/google/common/collect/SortedLists$KeyAbsentBehavior;
com/google/common/collect/SortedLists$KeyAbsentBehavior	<clinit>	()V	INVOKE_STATIC	com/google/common/collect/SortedLists$KeyAbsentBehavior::$values()[Lcom/google/common/collect/SortedLists$KeyAbsentBehavior;
com/google/common/collect/SortedLists$KeyPresentBehavior	$values	()[Lcom/google/common/collect/SortedLists$KeyPresentBehavior;	GET_STATIC_FIELD	com/google/common/collect/SortedLists$KeyPresentBehavior::ANY_PRESENT|Lcom/google/common/collect/SortedLists$KeyPresentBehavior;
com/google/common/collect/SortedLists$KeyPresentBehavior	$values	()[Lcom/google/common/collect/SortedLists$KeyPresentBehavior;	GET_STATIC_FIELD	com/google/common/collect/SortedLists$KeyPresentBehavior::FIRST_AFTER|Lcom/google/common/collect/SortedLists$KeyPresentBehavior;
com/google/common/collect/SortedLists$KeyPresentBehavior	$values	()[Lcom/google/common/collect/SortedLists$KeyPresentBehavior;	GET_STATIC_FIELD	com/google/common/collect/SortedLists$KeyPresentBehavior::FIRST_PRESENT|Lcom/google/common/collect/SortedLists$KeyPresentBehavior;
com/google/common/collect/SortedLists$KeyPresentBehavior	$values	()[Lcom/google/common/collect/SortedLists$KeyPresentBehavior;	GET_STATIC_FIELD	com/google/common/collect/SortedLists$KeyPresentBehavior::LAST_BEFORE|Lcom/google/common/collect/SortedLists$KeyPresentBehavior;
com/google/common/collect/SortedLists$KeyPresentBehavior	$values	()[Lcom/google/common/collect/SortedLists$KeyPresentBehavior;	GET_STATIC_FIELD	com/google/common/collect/SortedLists$KeyPresentBehavior::LAST_PRESENT|Lcom/google/common/collect/SortedLists$KeyPresentBehavior;
com/google/common/collect/SortedLists$KeyPresentBehavior	<clinit>	()V	INVOKE_STATIC	com/google/common/collect/SortedLists$KeyPresentBehavior::$values()[Lcom/google/common/collect/SortedLists$KeyPresentBehavior;
com/google/common/collect/StandardTable	lambda$cellSpliterator$0	(Ljava/util/Map$Entry;Ljava/util/Map$Entry;)Lcom/google/common/collect/Table$Cell;	INVOKE_INTERFACE	java/util/Map$Entry::getKey()Ljava/lang/Object;
com/google/common/collect/StandardTable	lambda$cellSpliterator$0	(Ljava/util/Map$Entry;Ljava/util/Map$Entry;)Lcom/google/common/collect/Table$Cell;	INVOKE_INTERFACE	java/util/Map$Entry::getValue()Ljava/lang/Object;
com/google/common/collect/StandardTable	lambda$cellSpliterator$0	(Ljava/util/Map$Entry;Ljava/util/Map$Entry;)Lcom/google/common/collect/Table$Cell;	INVOKE_STATIC	com/google/common/collect/Tables::immutableCell(Ljava/lang/Object;Ljava/lang/Object;Ljava/lang/Object;)Lcom/google/common/collect/Table$Cell;
com/google/common/collect/Streams	findLast	(Ljava/util/stream/Stream;)Ljava/util/Optional;	INVOKE_STATIC	java/util/Objects::requireNonNull(Ljava/lang/Object;)Ljava/lang/Object;
com/google/common/collect/Streams	mapWithIndex	(Ljava/util/stream/DoubleStream;Lcom/google/common/collect/Streams$DoubleFunctionWithIndex;)Ljava/util/stream/Stream;	INVOKE_STATIC	java/util/Objects::requireNonNull(Ljava/lang/Object;)Ljava/lang/Object;
com/google/common/collect/Streams	mapWithIndex	(Ljava/util/stream/IntStream;Lcom/google/common/collect/Streams$IntFunctionWithIndex;)Ljava/util/stream/Stream;	INVOKE_STATIC	java/util/Objects::requireNonNull(Ljava/lang/Object;)Ljava/lang/Object;
com/google/common/collect/Streams	mapWithIndex	(Ljava/util/stream/LongStream;Lcom/google/common/collect/Streams$LongFunctionWithIndex;)Ljava/util/stream/Stream;	INVOKE_STATIC	java/util/Objects::requireNonNull(Ljava/lang/Object;)Ljava/lang/Object;
com/google/common/collect/Streams	mapWithIndex	(Ljava/util/stream/Stream;Lcom/google/common/collect/Streams$FunctionWithIndex;)Ljava/util/stream/Stream;	INVOKE_STATIC	java/util/Objects::requireNonNull(Ljava/lang/Object;)Ljava/lang/Object;
com/google/common/collect/Streams	zip	(Ljava/util/stream/Stream;Ljava/util/stream/Stream;Ljava/util/function/BiFunction;)Ljava/util/stream/Stream;	INVOKE_STATIC	java/util/Objects::requireNonNull(Ljava/lang/Object;)Ljava/lang/Object;
com/google/common/collect/TreeMultiset$Aggregate	$values	()[Lcom/google/common/collect/TreeMultiset$Aggregate;	GET_STATIC_FIELD	com/google/common/collect/TreeMultiset$Aggregate::DISTINCT|Lcom/google/common/collect/TreeMultiset$Aggregate;
com/google/common/collect/TreeMultiset$Aggregate	$values	()[Lcom/google/common/collect/TreeMultiset$Aggregate;	GET_STATIC_FIELD	com/google/common/collect/TreeMultiset$Aggregate::SIZE|Lcom/google/common/collect/TreeMultiset$Aggregate;
com/google/common/collect/TreeMultiset$Aggregate	<clinit>	()V	INVOKE_STATIC	com/google/common/collect/TreeMultiset$Aggregate::$values()[Lcom/google/common/collect/TreeMultiset$Aggregate;
com/google/common/graph/AbstractNetwork	edgeIncidentNodesMap	(Lcom/google/common/graph/Network;)Ljava/util/Map;	INVOKE_STATIC	java/util/Objects::requireNonNull(Ljava/lang/Object;)Ljava/lang/Object;
com/google/common/graph/ElementOrder$Type	$values	()[Lcom/google/common/graph/ElementOrder$Type;	GET_STATIC_FIELD	com/google/common/graph/ElementOrder$Type::INSERTION|Lcom/google/common/graph/ElementOrder$Type;
com/google/common/graph/ElementOrder$Type	$values	()[Lcom/google/common/graph/ElementOrder$Type;	GET_STATIC_FIELD	com/google/common/graph/ElementOrder$Type::SORTED|Lcom/google/common/graph/ElementOrder$Type;
com/google/common/graph/ElementOrder$Type	$values	()[Lcom/google/common/graph/ElementOrder$Type;	GET_STATIC_FIELD	com/google/common/graph/ElementOrder$Type::STABLE|Lcom/google/common/graph/ElementOrder$Type;
com/google/common/graph/ElementOrder$Type	$values	()[Lcom/google/common/graph/ElementOrder$Type;	GET_STATIC_FIELD	com/google/common/graph/ElementOrder$Type::UNORDERED|Lcom/google/common/graph/ElementOrder$Type;
com/google/common/graph/ElementOrder$Type	<clinit>	()V	INVOKE_STATIC	com/google/common/graph/ElementOrder$Type::$values()[Lcom/google/common/graph/ElementOrder$Type;
com/google/common/graph/GraphConstants$Presence	$values	()[Lcom/google/common/graph/GraphConstants$Presence;	GET_STATIC_FIELD	com/google/common/graph/GraphConstants$Presence::EDGE_EXISTS|Lcom/google/common/graph/GraphConstants$Presence;
com/google/common/graph/GraphConstants$Presence	<clinit>	()V	INVOKE_STATIC	com/google/common/graph/GraphConstants$Presence::$values()[Lcom/google/common/graph/GraphConstants$Presence;
com/google/common/graph/Graphs$NodeVisitState	$values	()[Lcom/google/common/graph/Graphs$NodeVisitState;	GET_STATIC_FIELD	com/google/common/graph/Graphs$NodeVisitState::COMPLETE|Lcom/google/common/graph/Graphs$NodeVisitState;
com/google/common/graph/Graphs$NodeVisitState	$values	()[Lcom/google/common/graph/Graphs$NodeVisitState;	GET_STATIC_FIELD	com/google/common/graph/Graphs$NodeVisitState::PENDING|Lcom/google/common/graph/Graphs$NodeVisitState;
com/google/common/graph/Graphs$NodeVisitState	<clinit>	()V	INVOKE_STATIC	com/google/common/graph/Graphs$NodeVisitState::$values()[Lcom/google/common/graph/Graphs$NodeVisitState;
com/google/common/graph/Traverser$InsertionOrder	$values	()[Lcom/google/common/graph/Traverser$InsertionOrder;	GET_STATIC_FIELD	com/google/common/graph/Traverser$InsertionOrder::BACK|Lcom/google/common/graph/Traverser$InsertionOrder;
com/google/common/graph/Traverser$InsertionOrder	$values	()[Lcom/google/common/graph/Traverser$InsertionOrder;	GET_STATIC_FIELD	com/google/common/graph/Traverser$InsertionOrder::FRONT|Lcom/google/common/graph/Traverser$InsertionOrder;
com/google/common/graph/Traverser$InsertionOrder	<clinit>	()V	INVOKE_STATIC	com/google/common/graph/Traverser$InsertionOrder::$values()[Lcom/google/common/graph/Traverser$InsertionOrder;
com/google/common/hash/BloomFilterStrategies	$values	()[Lcom/google/common/hash/BloomFilterStrategies;	GET_STATIC_FIELD	com/google/common/hash/BloomFilterStrategies::MURMUR128_MITZ_32|Lcom/google/common/hash/BloomFilterStrategies;
com/google/common/hash/BloomFilterStrategies	$values	()[Lcom/google/common/hash/BloomFilterStrategies;	GET_STATIC_FIELD	com/google/common/hash/BloomFilterStrategies::MURMUR128_MITZ_64|Lcom/google/common/hash/BloomFilterStrategies;
com/google/common/hash/BloomFilterStrategies	<clinit>	()V	INVOKE_STATIC	com/google/common/hash/BloomFilterStrategies::$values()[Lcom/google/common/hash/BloomFilterStrategies;
com/google/common/hash/Funnels$ByteArrayFunnel	$values	()[Lcom/google/common/hash/Funnels$ByteArrayFunnel;	GET_STATIC_FIELD	com/google/common/hash/Funnels$ByteArrayFunnel::INSTANCE|Lcom/google/common/hash/Funnels$ByteArrayFunnel;
com/google/common/hash/Funnels$ByteArrayFunnel	<clinit>	()V	INVOKE_STATIC	com/google/common/hash/Funnels$ByteArrayFunnel::$values()[Lcom/google/common/hash/Funnels$ByteArrayFunnel;
com/google/common/hash/Funnels$IntegerFunnel	$values	()[Lcom/google/common/hash/Funnels$IntegerFunnel;	GET_STATIC_FIELD	com/google/common/hash/Funnels$IntegerFunnel::INSTANCE|Lcom/google/common/hash/Funnels$IntegerFunnel;
com/google/common/hash/Funnels$IntegerFunnel	<clinit>	()V	INVOKE_STATIC	com/google/common/hash/Funnels$IntegerFunnel::$values()[Lcom/google/common/hash/Funnels$IntegerFunnel;
com/google/common/hash/Funnels$LongFunnel	$values	()[Lcom/google/common/hash/Funnels$LongFunnel;	GET_STATIC_FIELD	com/google/common/hash/Funnels$LongFunnel::INSTANCE|Lcom/google/common/hash/Funnels$LongFunnel;
com/google/common/hash/Funnels$LongFunnel	<clinit>	()V	INVOKE_STATIC	com/google/common/hash/Funnels$LongFunnel::$values()[Lcom/google/common/hash/Funnels$LongFunnel;
com/google/common/hash/Funnels$UnencodedCharsFunnel	$values	()[Lcom/google/common/hash/Funnels$UnencodedCharsFunnel;	GET_STATIC_FIELD	com/google/common/hash/Funnels$UnencodedCharsFunnel::INSTANCE|Lcom/google/common/hash/Funnels$UnencodedCharsFunnel;
com/google/common/hash/Funnels$UnencodedCharsFunnel	<clinit>	()V	INVOKE_STATIC	com/google/common/hash/Funnels$UnencodedCharsFunnel::$values()[Lcom/google/common/hash/Funnels$UnencodedCharsFunnel;
com/google/common/hash/Hashing$ChecksumType	$values	()[Lcom/google/common/hash/Hashing$ChecksumType;	GET_STATIC_FIELD	com/google/common/hash/Hashing$ChecksumType::ADLER_32|Lcom/google/common/hash/Hashing$ChecksumType;
com/google/common/hash/Hashing$ChecksumType	$values	()[Lcom/google/common/hash/Hashing$ChecksumType;	GET_STATIC_FIELD	com/google/common/hash/Hashing$ChecksumType::CRC_32|Lcom/google/common/hash/Hashing$ChecksumType;
com/google/common/hash/Hashing$ChecksumType	<clinit>	()V	INVOKE_STATIC	com/google/common/hash/Hashing$ChecksumType::$values()[Lcom/google/common/hash/Hashing$ChecksumType;
com/google/common/hash/Hashing$Crc32CSupplier	$values	()[Lcom/google/common/hash/Hashing$Crc32CSupplier;	GET_STATIC_FIELD	com/google/common/hash/Hashing$Crc32CSupplier::ABSTRACT_HASH_FUNCTION|Lcom/google/common/hash/Hashing$Crc32CSupplier;
com/google/common/hash/Hashing$Crc32CSupplier	<clinit>	()V	INVOKE_STATIC	com/google/common/hash/Hashing$Crc32CSupplier::$values()[Lcom/google/common/hash/Hashing$Crc32CSupplier;
com/google/common/hash/LittleEndianByteArray$JavaLittleEndianBytes	$values	()[Lcom/google/common/hash/LittleEndianByteArray$JavaLittleEndianBytes;	GET_STATIC_FIELD	com/google/common/hash/LittleEndianByteArray$JavaLittleEndianBytes::INSTANCE|Lcom/google/common/hash/LittleEndianByteArray$JavaLittleEndianBytes;
com/google/common/hash/LittleEndianByteArray$JavaLittleEndianBytes	<clinit>	()V	INVOKE_STATIC	com/google/common/hash/LittleEndianByteArray$JavaLittleEndianBytes::$values()[Lcom/google/common/hash/LittleEndianByteArray$JavaLittleEndianBytes;
com/google/common/hash/LittleEndianByteArray$UnsafeByteArray	$values	()[Lcom/google/common/hash/LittleEndianByteArray$UnsafeByteArray;	GET_STATIC_FIELD	com/google/common/hash/LittleEndianByteArray$UnsafeByteArray::UNSAFE_BIG_ENDIAN|Lcom/google/common/hash/LittleEndianByteArray$UnsafeByteArray;
com/google/common/hash/LittleEndianByteArray$UnsafeByteArray	$values	()[Lcom/google/common/hash/LittleEndianByteArray$UnsafeByteArray;	GET_STATIC_FIELD	com/google/common/hash/LittleEndianByteArray$UnsafeByteArray::UNSAFE_LITTLE_ENDIAN|Lcom/google/common/hash/LittleEndianByteArray$UnsafeByteArray;
com/google/common/hash/LittleEndianByteArray$UnsafeByteArray	<clinit>	()V	INVOKE_STATIC	com/google/common/hash/LittleEndianByteArray$UnsafeByteArray::$values()[Lcom/google/common/hash/LittleEndianByteArray$UnsafeByteArray;
com/google/common/io/FileWriteMode	$values	()[Lcom/google/common/io/FileWriteMode;	GET_STATIC_FIELD	com/google/common/io/FileWriteMode::APPEND|Lcom/google/common/io/FileWriteMode;
com/google/common/io/FileWriteMode	<clinit>	()V	INVOKE_STATIC	com/google/common/io/FileWriteMode::$values()[Lcom/google/common/io/FileWriteMode;
com/google/common/io/Files$FilePredicate	$values	()[Lcom/google/common/io/Files$FilePredicate;	GET_STATIC_FIELD	com/google/common/io/Files$FilePredicate::IS_DIRECTORY|Lcom/google/common/io/Files$FilePredicate;
com/google/common/io/Files$FilePredicate	$values	()[Lcom/google/common/io/Files$FilePredicate;	GET_STATIC_FIELD	com/google/common/io/Files$FilePredicate::IS_FILE|Lcom/google/common/io/Files$FilePredicate;
com/google/common/io/Files$FilePredicate	<clinit>	()V	INVOKE_STATIC	com/google/common/io/Files$FilePredicate::$values()[Lcom/google/common/io/Files$FilePredicate;
com/google/common/io/RecursiveDeleteOption	$values	()[Lcom/google/common/io/RecursiveDeleteOption;	GET_STATIC_FIELD	com/google/common/io/RecursiveDeleteOption::ALLOW_INSECURE|Lcom/google/common/io/RecursiveDeleteOption;
com/google/common/io/RecursiveDeleteOption	<clinit>	()V	INVOKE_STATIC	com/google/common/io/RecursiveDeleteOption::$values()[Lcom/google/common/io/RecursiveDeleteOption;
com/google/common/math/LongMath$MillerRabinTester	$values	()[Lcom/google/common/math/LongMath$MillerRabinTester;	GET_STATIC_FIELD	com/google/common/math/LongMath$MillerRabinTester::LARGE|Lcom/google/common/math/LongMath$MillerRabinTester;
com/google/common/math/LongMath$MillerRabinTester	$values	()[Lcom/google/common/math/LongMath$MillerRabinTester;	GET_STATIC_FIELD	com/google/common/math/LongMath$MillerRabinTester::SMALL|Lcom/google/common/math/LongMath$MillerRabinTester;
com/google/common/math/LongMath$MillerRabinTester	<clinit>	()V	INVOKE_STATIC	com/google/common/math/LongMath$MillerRabinTester::$values()[Lcom/google/common/math/LongMath$MillerRabinTester;
com/google/common/primitives/Booleans$BooleanComparator	$values	()[Lcom/google/common/primitives/Booleans$BooleanComparator;	GET_STATIC_FIELD	com/google/common/primitives/Booleans$BooleanComparator::FALSE_FIRST|Lcom/google/common/primitives/Booleans$BooleanComparator;
com/google/common/primitives/Booleans$BooleanComparator	$values	()[Lcom/google/common/primitives/Booleans$BooleanComparator;	GET_STATIC_FIELD	com/google/common/primitives/Booleans$BooleanComparator::TRUE_FIRST|Lcom/google/common/primitives/Booleans$BooleanComparator;
com/google/common/primitives/Booleans$BooleanComparator	<clinit>	()V	INVOKE_STATIC	com/google/common/primitives/Booleans$BooleanComparator::$values()[Lcom/google/common/primitives/Booleans$BooleanComparator;
com/google/common/primitives/Booleans$LexicographicalComparator	$values	()[Lcom/google/common/primitives/Booleans$LexicographicalComparator;	GET_STATIC_FIELD	com/google/common/primitives/Booleans$LexicographicalComparator::INSTANCE|Lcom/google/common/primitives/Booleans$LexicographicalComparator;
com/google/common/primitives/Booleans$LexicographicalComparator	<clinit>	()V	INVOKE_STATIC	com/google/common/primitives/Booleans$LexicographicalComparator::$values()[Lcom/google/common/primitives/Booleans$LexicographicalComparator;
com/google/common/primitives/Chars$LexicographicalComparator	$values	()[Lcom/google/common/primitives/Chars$LexicographicalComparator;	GET_STATIC_FIELD	com/google/common/primitives/Chars$LexicographicalComparator::INSTANCE|Lcom/google/common/primitives/Chars$LexicographicalComparator;
com/google/common/primitives/Chars$LexicographicalComparator	<clinit>	()V	INVOKE_STATIC	com/google/common/primitives/Chars$LexicographicalComparator::$values()[Lcom/google/common/primitives/Chars$LexicographicalComparator;
com/google/common/primitives/Doubles$LexicographicalComparator	$values	()[Lcom/google/common/primitives/Doubles$LexicographicalComparator;	GET_STATIC_FIELD	com/google/common/primitives/Doubles$LexicographicalComparator::INSTANCE|Lcom/google/common/primitives/Doubles$LexicographicalComparator;
com/google/common/primitives/Doubles$LexicographicalComparator	<clinit>	()V	INVOKE_STATIC	com/google/common/primitives/Doubles$LexicographicalComparator::$values()[Lcom/google/common/primitives/Doubles$LexicographicalComparator;
com/google/common/primitives/Floats$LexicographicalComparator	$values	()[Lcom/google/common/primitives/Floats$LexicographicalComparator;	GET_STATIC_FIELD	com/google/common/primitives/Floats$LexicographicalComparator::INSTANCE|Lcom/google/common/primitives/Floats$LexicographicalComparator;
com/google/common/primitives/Floats$LexicographicalComparator	<clinit>	()V	INVOKE_STATIC	com/google/common/primitives/Floats$LexicographicalComparator::$values()[Lcom/google/common/primitives/Floats$LexicographicalComparator;
com/google/common/primitives/Ints$LexicographicalComparator	$values	()[Lcom/google/common/primitives/Ints$LexicographicalComparator;	GET_STATIC_FIELD	com/google/common/primitives/Ints$LexicographicalComparator::INSTANCE|Lcom/google/common/primitives/Ints$LexicographicalComparator;
com/google/common/primitives/Ints$LexicographicalComparator	<clinit>	()V	INVOKE_STATIC	com/google/common/primitives/Ints$LexicographicalComparator::$values()[Lcom/google/common/primitives/Ints$LexicographicalComparator;
com/google/common/primitives/Longs$LexicographicalComparator	$values	()[Lcom/google/common/primitives/Longs$LexicographicalComparator;	GET_STATIC_FIELD	com/google/common/primitives/Longs$LexicographicalComparator::INSTANCE|Lcom/google/common/primitives/Longs$LexicographicalComparator;
com/google/common/primitives/Longs$LexicographicalComparator	<clinit>	()V	INVOKE_STATIC	com/google/common/primitives/Longs$LexicographicalComparator::$values()[Lcom/google/common/primitives/Longs$LexicographicalComparator;
com/google/common/primitives/Shorts$LexicographicalComparator	$values	()[Lcom/google/common/primitives/Shorts$LexicographicalComparator;	GET_STATIC_FIELD	com/google/common/primitives/Shorts$LexicographicalComparator::INSTANCE|Lcom/google/common/primitives/Shorts$LexicographicalComparator;
com/google/common/primitives/Shorts$LexicographicalComparator	<clinit>	()V	INVOKE_STATIC	com/google/common/primitives/Shorts$LexicographicalComparator::$values()[Lcom/google/common/primitives/Shorts$LexicographicalComparator;
com/google/common/primitives/SignedBytes$LexicographicalComparator	$values	()[Lcom/google/common/primitives/SignedBytes$LexicographicalComparator;	GET_STATIC_FIELD	com/google/common/primitives/SignedBytes$LexicographicalComparator::INSTANCE|Lcom/google/common/primitives/SignedBytes$LexicographicalComparator;
com/google/common/primitives/SignedBytes$LexicographicalComparator	<clinit>	()V	INVOKE_STATIC	com/google/common/primitives/SignedBytes$LexicographicalComparator::$values()[Lcom/google/common/primitives/SignedBytes$LexicographicalComparator;
com/google/common/primitives/UnsignedBytes$LexicographicalComparatorHolder$PureJavaComparator	$values	()[Lcom/google/common/primitives/UnsignedBytes$LexicographicalComparatorHolder$PureJavaComparator;	GET_STATIC_FIELD	com/google/common/primitives/UnsignedBytes$LexicographicalComparatorHolder$PureJavaComparator::INSTANCE|Lcom/google/common/primitives/UnsignedBytes$LexicographicalComparatorHolder$PureJavaComparator;
com/google/common/primitives/UnsignedBytes$LexicographicalComparatorHolder$PureJavaComparator	<clinit>	()V	INVOKE_STATIC	com/google/common/primitives/UnsignedBytes$LexicographicalComparatorHolder$PureJavaComparator::$values()[Lcom/google/common/primitives/UnsignedBytes$LexicographicalComparatorHolder$PureJavaComparator;
com/google/common/primitives/UnsignedBytes$LexicographicalComparatorHolder$UnsafeComparator	$values	()[Lcom/google/common/primitives/UnsignedBytes$LexicographicalComparatorHolder$UnsafeComparator;	GET_STATIC_FIELD	com/google/common/primitives/UnsignedBytes$LexicographicalComparatorHolder$UnsafeComparator::INSTANCE|Lcom/google/common/primitives/UnsignedBytes$LexicographicalComparatorHolder$UnsafeComparator;
com/google/common/primitives/UnsignedBytes$LexicographicalComparatorHolder$UnsafeComparator	<clinit>	()V	INVOKE_STATIC	com/google/common/primitives/UnsignedBytes$LexicographicalComparatorHolder$UnsafeComparator::$values()[Lcom/google/common/primitives/UnsignedBytes$LexicographicalComparatorHolder$UnsafeComparator;
com/google/common/primitives/UnsignedInts$LexicographicalComparator	$values	()[Lcom/google/common/primitives/UnsignedInts$LexicographicalComparator;	GET_STATIC_FIELD	com/google/common/primitives/UnsignedInts$LexicographicalComparator::INSTANCE|Lcom/google/common/primitives/UnsignedInts$LexicographicalComparator;
com/google/common/primitives/UnsignedInts$LexicographicalComparator	<clinit>	()V	INVOKE_STATIC	com/google/common/primitives/UnsignedInts$LexicographicalComparator::$values()[Lcom/google/common/primitives/UnsignedInts$LexicographicalComparator;
com/google/common/primitives/UnsignedLongs$LexicographicalComparator	$values	()[Lcom/google/common/primitives/UnsignedLongs$LexicographicalComparator;	GET_STATIC_FIELD	com/google/common/primitives/UnsignedLongs$LexicographicalComparator::INSTANCE|Lcom/google/common/primitives/UnsignedLongs$LexicographicalComparator;
com/google/common/primitives/UnsignedLongs$LexicographicalComparator	<clinit>	()V	INVOKE_STATIC	com/google/common/primitives/UnsignedLongs$LexicographicalComparator::$values()[Lcom/google/common/primitives/UnsignedLongs$LexicographicalComparator;
com/google/common/reflect/TypeToken$TypeFilter	$values	()[Lcom/google/common/reflect/TypeToken$TypeFilter;	GET_STATIC_FIELD	com/google/common/reflect/TypeToken$TypeFilter::IGNORE_TYPE_VARIABLE_OR_WILDCARD|Lcom/google/common/reflect/TypeToken$TypeFilter;
com/google/common/reflect/TypeToken$TypeFilter	$values	()[Lcom/google/common/reflect/TypeToken$TypeFilter;	GET_STATIC_FIELD	com/google/common/reflect/TypeToken$TypeFilter::INTERFACE_ONLY|Lcom/google/common/reflect/TypeToken$TypeFilter;
com/google/common/reflect/TypeToken$TypeFilter	<clinit>	()V	INVOKE_STATIC	com/google/common/reflect/TypeToken$TypeFilter::$values()[Lcom/google/common/reflect/TypeToken$TypeFilter;
com/google/common/reflect/Types$ClassOwnership	$values	()[Lcom/google/common/reflect/Types$ClassOwnership;	GET_STATIC_FIELD	com/google/common/reflect/Types$ClassOwnership::LOCAL_CLASS_HAS_NO_OWNER|Lcom/google/common/reflect/Types$ClassOwnership;
com/google/common/reflect/Types$ClassOwnership	$values	()[Lcom/google/common/reflect/Types$ClassOwnership;	GET_STATIC_FIELD	com/google/common/reflect/Types$ClassOwnership::OWNED_BY_ENCLOSING_CLASS|Lcom/google/common/reflect/Types$ClassOwnership;
com/google/common/reflect/Types$ClassOwnership	<clinit>	()V	INVOKE_STATIC	com/google/common/reflect/Types$ClassOwnership::$values()[Lcom/google/common/reflect/Types$ClassOwnership;
com/google/common/reflect/Types$JavaVersion	$values	()[Lcom/google/common/reflect/Types$JavaVersion;	GET_STATIC_FIELD	com/google/common/reflect/Types$JavaVersion::JAVA6|Lcom/google/common/reflect/Types$JavaVersion;
com/google/common/reflect/Types$JavaVersion	$values	()[Lcom/google/common/reflect/Types$JavaVersion;	GET_STATIC_FIELD	com/google/common/reflect/Types$JavaVersion::JAVA7|Lcom/google/common/reflect/Types$JavaVersion;
com/google/common/reflect/Types$JavaVersion	$values	()[Lcom/google/common/reflect/Types$JavaVersion;	GET_STATIC_FIELD	com/google/common/reflect/Types$JavaVersion::JAVA8|Lcom/google/common/reflect/Types$JavaVersion;
com/google/common/reflect/Types$JavaVersion	$values	()[Lcom/google/common/reflect/Types$JavaVersion;	GET_STATIC_FIELD	com/google/common/reflect/Types$JavaVersion::JAVA9|Lcom/google/common/reflect/Types$JavaVersion;
com/google/common/reflect/Types$JavaVersion	<clinit>	()V	INVOKE_STATIC	com/google/common/reflect/Types$JavaVersion::$values()[Lcom/google/common/reflect/Types$JavaVersion;
com/google/common/reflect/Types$ParameterizedTypeImpl	toString	()Ljava/lang/String;	INVOKE_STATIC	java/util/Objects::requireNonNull(Ljava/lang/Object;)Ljava/lang/Object;
com/google/common/util/concurrent/AggregateFuture$ReleaseResourcesReason	$values	()[Lcom/google/common/util/concurrent/AggregateFuture$ReleaseResourcesReason;	GET_STATIC_FIELD	com/google/common/util/concurrent/AggregateFuture$ReleaseResourcesReason::ALL_INPUT_FUTURES_PROCESSED|Lcom/google/common/util/concurrent/AggregateFuture$ReleaseResourcesReason;
com/google/common/util/concurrent/AggregateFuture$ReleaseResourcesReason	$values	()[Lcom/google/common/util/concurrent/AggregateFuture$ReleaseResourcesReason;	GET_STATIC_FIELD	com/google/common/util/concurrent/AggregateFuture$ReleaseResourcesReason::OUTPUT_FUTURE_DONE|Lcom/google/common/util/concurrent/AggregateFuture$ReleaseResourcesReason;
com/google/common/util/concurrent/AggregateFuture$ReleaseResourcesReason	<clinit>	()V	INVOKE_STATIC	com/google/common/util/concurrent/AggregateFuture$ReleaseResourcesReason::$values()[Lcom/google/common/util/concurrent/AggregateFuture$ReleaseResourcesReason;
com/google/common/util/concurrent/ClosingFuture$State	$values	()[Lcom/google/common/util/concurrent/ClosingFuture$State;	GET_STATIC_FIELD	com/google/common/util/concurrent/ClosingFuture$State::CLOSED|Lcom/google/common/util/concurrent/ClosingFuture$State;
com/google/common/util/concurrent/ClosingFuture$State	$values	()[Lcom/google/common/util/concurrent/ClosingFuture$State;	GET_STATIC_FIELD	com/google/common/util/concurrent/ClosingFuture$State::CLOSING|Lcom/google/common/util/concurrent/ClosingFuture$State;
com/google/common/util/concurrent/ClosingFuture$State	$values	()[Lcom/google/common/util/concurrent/ClosingFuture$State;	GET_STATIC_FIELD	com/google/common/util/concurrent/ClosingFuture$State::OPEN|Lcom/google/common/util/concurrent/ClosingFuture$State;
com/google/common/util/concurrent/ClosingFuture$State	$values	()[Lcom/google/common/util/concurrent/ClosingFuture$State;	GET_STATIC_FIELD	com/google/common/util/concurrent/ClosingFuture$State::SUBSUMED|Lcom/google/common/util/concurrent/ClosingFuture$State;
com/google/common/util/concurrent/ClosingFuture$State	$values	()[Lcom/google/common/util/concurrent/ClosingFuture$State;	GET_STATIC_FIELD	com/google/common/util/concurrent/ClosingFuture$State::WILL_CLOSE|Lcom/google/common/util/concurrent/ClosingFuture$State;
com/google/common/util/concurrent/ClosingFuture$State	$values	()[Lcom/google/common/util/concurrent/ClosingFuture$State;	GET_STATIC_FIELD	com/google/common/util/concurrent/ClosingFuture$State::WILL_CREATE_VALUE_AND_CLOSER|Lcom/google/common/util/concurrent/ClosingFuture$State;
com/google/common/util/concurrent/ClosingFuture$State	<clinit>	()V	INVOKE_STATIC	com/google/common/util/concurrent/ClosingFuture$State::$values()[Lcom/google/common/util/concurrent/ClosingFuture$State;
com/google/common/util/concurrent/CycleDetectingLockFactory$Policies	$values	()[Lcom/google/common/util/concurrent/CycleDetectingLockFactory$Policies;	GET_STATIC_FIELD	com/google/common/util/concurrent/CycleDetectingLockFactory$Policies::DISABLED|Lcom/google/common/util/concurrent/CycleDetectingLockFactory$Policies;
com/google/common/util/concurrent/CycleDetectingLockFactory$Policies	$values	()[Lcom/google/common/util/concurrent/CycleDetectingLockFactory$Policies;	GET_STATIC_FIELD	com/google/common/util/concurrent/CycleDetectingLockFactory$Policies::THROW|Lcom/google/common/util/concurrent/CycleDetectingLockFactory$Policies;
com/google/common/util/concurrent/CycleDetectingLockFactory$Policies	$values	()[Lcom/google/common/util/concurrent/CycleDetectingLockFactory$Policies;	GET_STATIC_FIELD	com/google/common/util/concurrent/CycleDetectingLockFactory$Policies::WARN|Lcom/google/common/util/concurrent/CycleDetectingLockFactory$Policies;
com/google/common/util/concurrent/CycleDetectingLockFactory$Policies	<clinit>	()V	INVOKE_STATIC	com/google/common/util/concurrent/CycleDetectingLockFactory$Policies::$values()[Lcom/google/common/util/concurrent/CycleDetectingLockFactory$Policies;
com/google/common/util/concurrent/DirectExecutor	$values	()[Lcom/google/common/util/concurrent/DirectExecutor;	GET_STATIC_FIELD	com/google/common/util/concurrent/DirectExecutor::INSTANCE|Lcom/google/common/util/concurrent/DirectExecutor;
com/google/common/util/concurrent/DirectExecutor	<clinit>	()V	INVOKE_STATIC	com/google/common/util/concurrent/DirectExecutor::$values()[Lcom/google/common/util/concurrent/DirectExecutor;
com/google/common/util/concurrent/ExecutionSequencer$RunningState	$values	()[Lcom/google/common/util/concurrent/ExecutionSequencer$RunningState;	GET_STATIC_FIELD	com/google/common/util/concurrent/ExecutionSequencer$RunningState::CANCELLED|Lcom/google/common/util/concurrent/ExecutionSequencer$RunningState;
com/google/common/util/concurrent/ExecutionSequencer$RunningState	$values	()[Lcom/google/common/util/concurrent/ExecutionSequencer$RunningState;	GET_STATIC_FIELD	com/google/common/util/concurrent/ExecutionSequencer$RunningState::NOT_RUN|Lcom/google/common/util/concurrent/ExecutionSequencer$RunningState;
com/google/common/util/concurrent/ExecutionSequencer$RunningState	$values	()[Lcom/google/common/util/concurrent/ExecutionSequencer$RunningState;	GET_STATIC_FIELD	com/google/common/util/concurrent/ExecutionSequencer$RunningState::STARTED|Lcom/google/common/util/concurrent/ExecutionSequencer$RunningState;
com/google/common/util/concurrent/ExecutionSequencer$RunningState	<clinit>	()V	INVOKE_STATIC	com/google/common/util/concurrent/ExecutionSequencer$RunningState::$values()[Lcom/google/common/util/concurrent/ExecutionSequencer$RunningState;
com/google/common/util/concurrent/FuturesGetChecked$GetCheckedTypeValidatorHolder$ClassValueValidator	$values	()[Lcom/google/common/util/concurrent/FuturesGetChecked$GetCheckedTypeValidatorHolder$ClassValueValidator;	GET_STATIC_FIELD	com/google/common/util/concurrent/FuturesGetChecked$GetCheckedTypeValidatorHolder$ClassValueValidator::INSTANCE|Lcom/google/common/util/concurrent/FuturesGetChecked$GetCheckedTypeValidatorHolder$ClassValueValidator;
com/google/common/util/concurrent/FuturesGetChecked$GetCheckedTypeValidatorHolder$ClassValueValidator	<clinit>	()V	INVOKE_STATIC	com/google/common/util/concurrent/FuturesGetChecked$GetCheckedTypeValidatorHolder$ClassValueValidator::$values()[Lcom/google/common/util/concurrent/FuturesGetChecked$GetCheckedTypeValidatorHolder$ClassValueValidator;
com/google/common/util/concurrent/FuturesGetChecked$GetCheckedTypeValidatorHolder$WeakSetValidator	$values	()[Lcom/google/common/util/concurrent/FuturesGetChecked$GetCheckedTypeValidatorHolder$WeakSetValidator;	GET_STATIC_FIELD	com/google/common/util/concurrent/FuturesGetChecked$GetCheckedTypeValidatorHolder$WeakSetValidator::INSTANCE|Lcom/google/common/util/concurrent/FuturesGetChecked$GetCheckedTypeValidatorHolder$WeakSetValidator;
com/google/common/util/concurrent/FuturesGetChecked$GetCheckedTypeValidatorHolder$WeakSetValidator	<clinit>	()V	INVOKE_STATIC	com/google/common/util/concurrent/FuturesGetChecked$GetCheckedTypeValidatorHolder$WeakSetValidator::$values()[Lcom/google/common/util/concurrent/FuturesGetChecked$GetCheckedTypeValidatorHolder$WeakSetValidator;
com/google/common/util/concurrent/SequentialExecutor$WorkerRunningState	$values	()[Lcom/google/common/util/concurrent/SequentialExecutor$WorkerRunningState;	GET_STATIC_FIELD	com/google/common/util/concurrent/SequentialExecutor$WorkerRunningState::IDLE|Lcom/google/common/util/concurrent/SequentialExecutor$WorkerRunningState;
com/google/common/util/concurrent/SequentialExecutor$WorkerRunningState	$values	()[Lcom/google/common/util/concurrent/SequentialExecutor$WorkerRunningState;	GET_STATIC_FIELD	com/google/common/util/concurrent/SequentialExecutor$WorkerRunningState::QUEUED|Lcom/google/common/util/concurrent/SequentialExecutor$WorkerRunningState;
com/google/common/util/concurrent/SequentialExecutor$WorkerRunningState	$values	()[Lcom/google/common/util/concurrent/SequentialExecutor$WorkerRunningState;	GET_STATIC_FIELD	com/google/common/util/concurrent/SequentialExecutor$WorkerRunningState::QUEUING|Lcom/google/common/util/concurrent/SequentialExecutor$WorkerRunningState;
com/google/common/util/concurrent/SequentialExecutor$WorkerRunningState	$values	()[Lcom/google/common/util/concurrent/SequentialExecutor$WorkerRunningState;	GET_STATIC_FIELD	com/google/common/util/concurrent/SequentialExecutor$WorkerRunningState::RUNNING|Lcom/google/common/util/concurrent/SequentialExecutor$WorkerRunningState;
com/google/common/util/concurrent/SequentialExecutor$WorkerRunningState	<clinit>	()V	INVOKE_STATIC	com/google/common/util/concurrent/SequentialExecutor$WorkerRunningState::$values()[Lcom/google/common/util/concurrent/SequentialExecutor$WorkerRunningState;
com/google/common/util/concurrent/Service$State	$values	()[Lcom/google/common/util/concurrent/Service$State;	GET_STATIC_FIELD	com/google/common/util/concurrent/Service$State::FAILED|Lcom/google/common/util/concurrent/Service$State;
com/google/common/util/concurrent/Service$State	$values	()[Lcom/google/common/util/concurrent/Service$State;	GET_STATIC_FIELD	com/google/common/util/concurrent/Service$State::NEW|Lcom/google/common/util/concurrent/Service$State;
com/google/common/util/concurrent/Service$State	$values	()[Lcom/google/common/util/concurrent/Service$State;	GET_STATIC_FIELD	com/google/common/util/concurrent/Service$State::RUNNING|Lcom/google/common/util/concurrent/Service$State;
com/google/common/util/concurrent/Service$State	$values	()[Lcom/google/common/util/concurrent/Service$State;	GET_STATIC_FIELD	com/google/common/util/concurrent/Service$State::STARTING|Lcom/google/common/util/concurrent/Service$State;
com/google/common/util/concurrent/Service$State	$values	()[Lcom/google/common/util/concurrent/Service$State;	GET_STATIC_FIELD	com/google/common/util/concurrent/Service$State::STOPPING|Lcom/google/common/util/concurrent/Service$State;
com/google/common/util/concurrent/Service$State	$values	()[Lcom/google/common/util/concurrent/Service$State;	GET_STATIC_FIELD	com/google/common/util/concurrent/Service$State::TERMINATED|Lcom/google/common/util/concurrent/Service$State;
com/google/common/util/concurrent/Service$State	<clinit>	()V	INVOKE_STATIC	com/google/common/util/concurrent/Service$State::$values()[Lcom/google/common/util/concurrent/Service$State;
com/google/thirdparty/publicsuffix/PublicSuffixType	$values	()[Lcom/google/thirdparty/publicsuffix/PublicSuffixType;	GET_STATIC_FIELD	com/google/thirdparty/publicsuffix/PublicSuffixType::PRIVATE|Lcom/google/thirdparty/publicsuffix/PublicSuffixType;
com/google/thirdparty/publicsuffix/PublicSuffixType	$values	()[Lcom/google/thirdparty/publicsuffix/PublicSuffixType;	GET_STATIC_FIELD	com/google/thirdparty/publicsuffix/PublicSuffixType::REGISTRY|Lcom/google/thirdparty/publicsuffix/PublicSuffixType;
com/google/thirdparty/publicsuffix/PublicSuffixType	<clinit>	()V	INVOKE_STATIC	com/google/thirdparty/publicsuffix/PublicSuffixType::$values()[Lcom/google/thirdparty/publicsuffix/PublicSuffixType;
